arrival_delay_minutes,aircraft_type,gate_availability,ground_staff_level,weather_condition,time_of_day,turnaround_delay_risk,turnaround_delay_minutes
102,Widebody,Available,Low,Clear,Peak,1,155
51,Widebody,Available,Adequate,Clear,Peak,1,82
92,Widebody,Available,Adequate,Clear,Off-Peak,1,139
14,Narrowbody,Available,Adequate,Rain,Off-Peak,0,14
106,Narrowbody,Available,Adequate,Rain,Off-Peak,1,131
71,Widebody,Available,Adequate,Clear,Peak,1,111
60,Widebody,Constrained,Adequate,Rain,Off-Peak,1,72
20,Narrowbody,Available,Adequate,Storm,Off-Peak,0,20
102,Widebody,Available,Adequate,Storm,Peak,1,153
82,Widebody,Constrained,Adequate,Clear,Off-Peak,1,109
86,Narrowbody,Available,Adequate,Clear,Off-Peak,1,121
74,Narrowbody,Available,Adequate,Clear,Off-Peak,1,96
74,Narrowbody,Available,Low,Storm,Peak,1,101
87,Narrowbody,Available,Low,Clear,Peak,1,99
116,Narrowbody,Available,Adequate,Clear,Peak,1,148
99,Widebody,Constrained,Adequate,Clear,Off-Peak,1,111
103,Narrowbody,Available,Adequate,Clear,Off-Peak,1,137
23,Narrowbody,Available,Low,Clear,Peak,0,23
2,Narrowbody,Available,Adequate,Storm,Peak,0,2
21,Narrowbody,Constrained,Adequate,Clear,Off-Peak,0,21
52,Widebody,Constrained,Adequate,Clear,Peak,1,100
1,Narrowbody,Constrained,Adequate,Clear,Off-Peak,0,1
87,Narrowbody,Available,Adequate,Clear,Off-Peak,1,120
107,Widebody,Available,Low,Clear,Peak,1,124
29,Narrowbody,Available,Adequate,Clear,Off-Peak,0,29
37,Narrowbody,Available,Adequate,Clear,Peak,0,37
1,Narrowbody,Available,Low,Clear,Off-Peak,0,1
63,Narrowbody,Available,Low,Clear,Off-Peak,1,102
59,Narrowbody,Available,Adequate,Clear,Peak,1,87
20,Narrowbody,Available,Adequate,Storm,Peak,0,20
32,Narrowbody,Available,Adequate,Storm,Off-Peak,0,32
75,Widebody,Available,Low,Clear,Off-Peak,1,128
57,Narrowbody,Available,Adequate,Clear,Peak,1,87
21,Narrowbody,Available,Low,Storm,Off-Peak,1,66
107,Narrowbody,Available,Adequate,Clear,Peak,1,156
88,Narrowbody,Constrained,Adequate,Rain,Peak,1,136
48,Narrowbody,Available,Adequate,Storm,Off-Peak,1,104
90,Narrowbody,Available,Adequate,Clear,Off-Peak,1,105
58,Widebody,Available,Adequate,Clear,Off-Peak,1,72
41,Narrowbody,Constrained,Adequate,Storm,Peak,1,64
91,Narrowbody,Available,Adequate,Clear,Off-Peak,1,145
59,Narrowbody,Available,Low,Clear,Off-Peak,1,110
79,Widebody,Available,Adequate,Clear,Off-Peak,1,138
14,Narrowbody,Available,Low,Clear,Peak,0,14
61,Narrowbody,Available,Adequate,Rain,Off-Peak,1,78
61,Narrowbody,Available,Adequate,Rain,Off-Peak,1,94
46,Widebody,Constrained,Adequate,Storm,Peak,1,66
61,Narrowbody,Available,Adequate,Clear,Peak,1,87
50,Widebody,Constrained,Low,Clear,Peak,1,109
107,Narrowbody,Available,Adequate,Clear,Off-Peak,1,137
54,Narrowbody,Available,Adequate,Clear,Off-Peak,0,54
115,Narrowbody,Constrained,Adequate,Clear,Peak,1,167
63,Narrowbody,Available,Adequate,Storm,Off-Peak,1,120
2,Narrowbody,Available,Adequate,Rain,Peak,0,2
100,Narrowbody,Available,Low,Clear,Peak,1,154
50,Widebody,Available,Low,Rain,Off-Peak,1,86
6,Narrowbody,Available,Adequate,Clear,Peak,0,6
20,Narrowbody,Available,Adequate,Clear,Peak,0,20
72,Narrowbody,Available,Adequate,Rain,Off-Peak,1,114
38,Narrowbody,Available,Adequate,Clear,Off-Peak,0,38
17,Narrowbody,Available,Adequate,Storm,Off-Peak,0,17
3,Narrowbody,Available,Adequate,Rain,Off-Peak,0,3
88,Narrowbody,Available,Adequate,Clear,Off-Peak,1,103
59,Widebody,Available,Adequate,Rain,Peak,1,112
13,Widebody,Available,Adequate,Clear,Peak,0,13
113,Narrowbody,Available,Adequate,Clear,Off-Peak,1,129
8,Narrowbody,Constrained,Adequate,Clear,Off-Peak,0,8
89,Narrowbody,Available,Adequate,Clear,Peak,1,142
52,Narrowbody,Available,Low,Rain,Off-Peak,1,75
1,Narrowbody,Available,Adequate,Clear,Peak,0,1
83,Narrowbody,Available,Adequate,Rain,Off-Peak,1,135
91,Widebody,Available,Adequate,Clear,Off-Peak,1,109
110,Narrowbody,Constrained,Low,Clear,Off-Peak,1,129
59,Narrowbody,Available,Adequate,Rain,Peak,1,85
70,Narrowbody,Constrained,Adequate,Clear,Off-Peak,1,91
43,Narrowbody,Constrained,Adequate,Clear,Peak,1,58
7,Narrowbody,Constrained,Low,Clear,Off-Peak,0,7
46,Narrowbody,Constrained,Low,Clear,Off-Peak,1,98
34,Narrowbody,Available,Adequate,Clear,Off-Peak,0,34
77,Widebody,Available,Low,Rain,Peak,1,115
80,Narrowbody,Available,Low,Clear,Peak,1,95
35,Narrowbody,Available,Low,Clear,Off-Peak,0,35
49,Narrowbody,Available,Adequate,Storm,Off-Peak,1,82
103,Narrowbody,Available,Adequate,Clear,Off-Peak,1,137
3,Narrowbody,Available,Adequate,Rain,Off-Peak,0,3
1,Widebody,Available,Low,Clear,Off-Peak,0,1
5,Widebody,Available,Adequate,Clear,Peak,0,5
53,Widebody,Available,Adequate,Rain,Peak,1,99
105,Narrowbody,Available,Adequate,Clear,Off-Peak,1,135
3,Narrowbody,Constrained,Low,Rain,Off-Peak,0,3
53,Narrowbody,Available,Low,Clear,Peak,1,96
92,Narrowbody,Available,Adequate,Clear,Peak,1,129
62,Widebody,Available,Low,Clear,Off-Peak,1,109
17,Narrowbody,Available,Adequate,Clear,Off-Peak,0,17
89,Narrowbody,Available,Low,Rain,Off-Peak,1,126
43,Narrowbody,Available,Adequate,Clear,Off-Peak,0,43
33,Narrowbody,Available,Adequate,Storm,Off-Peak,0,33
73,Narrowbody,Available,Low,Storm,Off-Peak,1,89
61,Narrowbody,Available,Adequate,Clear,Peak,1,92
99,Narrowbody,Available,Low,Clear,Off-Peak,1,109
13,Widebody,Available,Adequate,Rain,Off-Peak,0,13
94,Widebody,Available,Adequate,Storm,Off-Peak,1,134
47,Narrowbody,Available,Adequate,Clear,Peak,0,47
14,Narrowbody,Constrained,Adequate,Clear,Peak,0,14
71,Narrowbody,Available,Adequate,Clear,Off-Peak,1,98
77,Narrowbody,Available,Adequate,Rain,Off-Peak,1,121
86,Narrowbody,Available,Adequate,Clear,Peak,1,145
61,Narrowbody,Available,Adequate,Rain,Off-Peak,1,100
39,Narrowbody,Available,Low,Clear,Off-Peak,0,39
84,Narrowbody,Available,Low,Clear,Off-Peak,1,135
79,Narrowbody,Constrained,Adequate,Clear,Off-Peak,1,99
108,Narrowbody,Available,Low,Clear,Off-Peak,1,144
81,Widebody,Available,Adequate,Clear,Peak,1,114
110,Widebody,Available,Adequate,Clear,Peak,1,154
52,Narrowbody,Available,Low,Clear,Off-Peak,1,100
23,Widebody,Available,Low,Clear,Peak,1,40
25,Narrowbody,Available,Adequate,Clear,Off-Peak,0,25
88,Widebody,Constrained,Low,Storm,Off-Peak,1,110
59,Widebody,Available,Adequate,Clear,Peak,1,113
108,Narrowbody,Available,Low,Clear,Peak,1,141
40,Narrowbody,Constrained,Adequate,Clear,Off-Peak,0,40
28,Narrowbody,Available,Adequate,Storm,Off-Peak,0,28
14,Narrowbody,Constrained,Adequate,Clear,Peak,0,14
44,Narrowbody,Available,Adequate,Rain,Peak,0,44
64,Narrowbody,Constrained,Adequate,Rain,Peak,1,104
88,Narrowbody,Available,Low,Rain,Off-Peak,1,125
70,Widebody,Constrained,Adequate,Clear,Off-Peak,1,101
8,Widebody,Constrained,Adequate,Rain,Off-Peak,0,8
87,Narrowbody,Available,Adequate,Clear,Off-Peak,1,124
0,Narrowbody,Constrained,Adequate,Clear,Peak,0,0
107,Narrowbody,Available,Adequate,Rain,Off-Peak,1,141
7,Narrowbody,Available,Adequate,Clear,Off-Peak,0,7
87,Widebody,Available,Adequate,Rain,Peak,1,142
62,Narrowbody,Available,Adequate,Clear,Off-Peak,0,62
10,Narrowbody,Available,Adequate,Rain,Off-Peak,0,10
114,Narrowbody,Available,Low,Clear,Peak,1,129
80,Narrowbody,Available,Low,Clear,Peak,1,113
7,Narrowbody,Constrained,Adequate,Clear,Peak,0,7
34,Widebody,Constrained,Adequate,Storm,Off-Peak,1,62
34,Narrowbody,Available,Adequate,Clear,Peak,0,34
32,Narrowbody,Available,Adequate,Clear,Peak,0,32
4,Narrowbody,Available,Adequate,Clear,Off-Peak,0,4
105,Widebody,Available,Adequate,Rain,Off-Peak,1,150
102,Widebody,Available,Adequate,Clear,Peak,1,149
40,Narrowbody,Available,Adequate,Clear,Off-Peak,0,40
27,Narrowbody,Available,Adequate,Clear,Peak,0,27
6,Narrowbody,Constrained,Low,Clear,Off-Peak,0,6
72,Narrowbody,Available,Low,Clear,Off-Peak,1,129
71,Widebody,Available,Adequate,Clear,Off-Peak,1,85
11,Narrowbody,Available,Adequate,Rain,Peak,0,11
33,Narrowbody,Available,Low,Clear,Off-Peak,0,33
32,Narrowbody,Available,Low,Clear,Off-Peak,0,32
47,Narrowbody,Available,Adequate,Clear,Peak,0,47
118,Narrowbody,Available,Adequate,Storm,Peak,1,166
22,Widebody,Available,Adequate,Storm,Peak,1,60
61,Narrowbody,Constrained,Adequate,Rain,Off-Peak,1,76
87,Narrowbody,Constrained,Adequate,Clear,Off-Peak,1,103
36,Narrowbody,Available,Adequate,Clear,Peak,0,36
98,Narrowbody,Available,Adequate,Clear,Peak,1,125
43,Narrowbody,Available,Adequate,Clear,Off-Peak,0,43
103,Narrowbody,Available,Low,Clear,Off-Peak,1,156
85,Widebody,Available,Adequate,Rain,Peak,1,132
90,Narrowbody,Available,Adequate,Rain,Off-Peak,1,100
34,Narrowbody,Available,Adequate,Rain,Peak,0,34
64,Narrowbody,Available,Adequate,Clear,Off-Peak,0,64
98,Narrowbody,Available,Low,Rain,Off-Peak,1,154
100,Widebody,Constrained,Adequate,Clear,Peak,1,144
46,Widebody,Constrained,Adequate,Clear,Off-Peak,1,78
77,Narrowbody,Available,Low,Rain,Off-Peak,1,113
2,Narrowbody,Available,Adequate,Clear,Off-Peak,0,2
0,Narrowbody,Constrained,Low,Clear,Off-Peak,0,0
4,Narrowbody,Available,Adequate,Clear,Peak,0,4
89,Narrowbody,Constrained,Adequate,Rain,Peak,1,114
118,Narrowbody,Available,Adequate,Rain,Peak,1,168
13,Narrowbody,Constrained,Adequate,Clear,Off-Peak,0,13
102,Narrowbody,Available,Low,Rain,Off-Peak,1,143
26,Widebody,Constrained,Low,Clear,Off-Peak,1,40
8,Narrowbody,Constrained,Adequate,Clear,Peak,0,8
78,Narrowbody,Available,Adequate,Rain,Peak,1,101
14,Widebody,Available,Low,Rain,Peak,1,55
89,Narrowbody,Constrained,Low,Storm,Off-Peak,1,124
41,Narrowbody,Available,Adequate,Clear,Off-Peak,0,41
76,Narrowbody,Constrained,Adequate,Rain,Off-Peak,1,91
50,Narrowbody,Available,Adequate,Rain,Off-Peak,0,50
62,Widebody,Available,Low,Storm,Off-Peak,1,111
95,Widebody,Available,Adequate,Clear,Peak,1,109
102,Narrowbody,Available,Adequate,Rain,Off-Peak,1,124
112,Narrowbody,Constrained,Low,Clear,Off-Peak,1,153
51,Narrowbody,Available,Adequate,Clear,Off-Peak,0,51
95,Narrowbody,Available,Adequate,Clear,Peak,1,105
3,Narrowbody,Available,Adequate,Clear,Peak,0,3
93,Widebody,Available,Adequate,Clear,Peak,1,113
100,Narrowbody,Constrained,Adequate,Rain,Peak,1,117
22,Widebody,Constrained,Adequate,Clear,Off-Peak,0,22
102,Narrowbody,Available,Adequate,Rain,Peak,1,151
108,Narrowbody,Constrained,Adequate,Clear,Off-Peak,1,149
14,Narrowbody,Constrained,Low,Clear,Off-Peak,0,14
42,Widebody,Available,Low,Clear,Peak,1,79
28,Widebody,Constrained,Adequate,Clear,Peak,1,51
35,Widebody,Available,Adequate,Clear,Off-Peak,0,35
12,Narrowbody,Available,Adequate,Clear,Off-Peak,0,12
31,Narrowbody,Constrained,Adequate,Clear,Off-Peak,0,31
70,Widebody,Available,Adequate,Clear,Off-Peak,1,106
58,Narrowbody,Constrained,Adequate,Clear,Off-Peak,1,87
114,Narrowbody,Constrained,Adequate,Clear,Off-Peak,1,170
85,Narrowbody,Available,Adequate,Clear,Off-Peak,1,109
27,Widebody,Constrained,Adequate,Storm,Peak,1,63
65,Widebody,Available,Adequate,Rain,Off-Peak,1,119
41,Narrowbody,Available,Adequate,Rain,Off-Peak,0,41
44,Widebody,Available,Adequate,Clear,Off-Peak,0,44
61,Widebody,Constrained,Adequate,Rain,Peak,1,95
56,Narrowbody,Available,Low,Rain,Off-Peak,1,107
116,Narrowbody,Available,Low,Rain,Off-Peak,1,169
5,Widebody,Available,Adequate,Clear,Off-Peak,0,5
27,Narrowbody,Available,Adequate,Rain,Peak,0,27
27,Narrowbody,Available,Adequate,Rain,Peak,0,27
107,Narrowbody,Available,Adequate,Clear,Peak,1,130
43,Widebody,Available,Adequate,Rain,Peak,1,60
83,Widebody,Available,Low,Clear,Peak,1,140
29,Widebody,Constrained,Adequate,Clear,Peak,1,52
61,Narrowbody,Available,Low,Clear,Off-Peak,1,71
74,Widebody,Available,Adequate,Rain,Off-Peak,1,99
118,Widebody,Constrained,Adequate,Clear,Peak,1,145
91,Narrowbody,Available,Low,Clear,Off-Peak,1,107
88,Widebody,Constrained,Adequate,Clear,Off-Peak,1,112
102,Narrowbody,Available,Adequate,Clear,Peak,1,135
61,Narrowbody,Constrained,Adequate,Clear,Off-Peak,1,119
96,Narrowbody,Available,Adequate,Rain,Peak,1,118
0,Narrowbody,Available,Low,Rain,Peak,0,0
26,Narrowbody,Available,Adequate,Clear,Off-Peak,0,26
61,Narrowbody,Constrained,Low,Clear,Peak,1,105
115,Narrowbody,Available,Low,Clear,Off-Peak,1,148
76,Widebody,Available,Low,Rain,Off-Peak,1,118
104,Narrowbody,Constrained,Adequate,Clear,Off-Peak,1,129
2,Narrowbody,Constrained,Adequate,Clear,Peak,0,2
102,Narrowbody,Available,Low,Clear,Peak,1,140
69,Widebody,Constrained,Adequate,Rain,Off-Peak,1,101
71,Narrowbody,Constrained,Adequate,Rain,Peak,1,125
26,Narrowbody,Available,Adequate,Rain,Off-Peak,0,26
8,Widebody,Available,Adequate,Rain,Peak,0,8
61,Narrowbody,Available,Adequate,Clear,Off-Peak,0,61
36,Narrowbody,Available,Adequate,Clear,Peak,0,36
96,Narrowbody,Available,Adequate,Clear,Off-Peak,1,135
50,Widebody,Available,Low,Clear,Off-Peak,1,98
105,Narrowbody,Available,Adequate,Clear,Off-Peak,1,141
43,Widebody,Available,Low,Clear,Peak,1,99
23,Narrowbody,Available,Adequate,Clear,Off-Peak,0,23
78,Widebody,Constrained,Low,Storm,Peak,1,93
58,Widebody,Constrained,Adequate,Rain,Off-Peak,1,100
117,Widebody,Available,Low,Rain,Off-Peak,1,170
31,Narrowbody,Constrained,Adequate,Rain,Off-Peak,0,31
95,Widebody,Available,Low,Clear,Peak,1,120
87,Narrowbody,Available,Adequate,Rain,Off-Peak,1,108
104,Narrowbody,Available,Low,Clear,Peak,1,133
51,Narrowbody,Available,Low,Rain,Peak,1,105
112,Widebody,Constrained,Adequate,Clear,Peak,1,161
61,Widebody,Available,Adequate,Storm,Off-Peak,1,99
112,Widebody,Available,Low,Clear,Peak,1,151
57,Narrowbody,Available,Adequate,Clear,Peak,1,92
51,Narrowbody,Available,Low,Storm,Off-Peak,1,82
11,Widebody,Available,Adequate,Clear,Peak,0,11
38,Narrowbody,Available,Adequate,Rain,Off-Peak,0,38
1,Narrowbody,Available,Low,Rain,Off-Peak,0,1
2,Narrowbody,Constrained,Adequate,Rain,Off-Peak,0,2
112,Narrowbody,Constrained,Low,Storm,Off-Peak,1,143
100,Narrowbody,Available,Adequate,Storm,Off-Peak,1,154
112,Narrowbody,Constrained,Adequate,Clear,Off-Peak,1,134
55,Narrowbody,Available,Adequate,Rain,Peak,1,73
80,Narrowbody,Available,Adequate,Rain,Off-Peak,1,113
58,Widebody,Available,Adequate,Rain,Off-Peak,1,82
112,Narrowbody,Available,Adequate,Clear,Off-Peak,1,157
1,Narrowbody,Constrained,Adequate,Rain,Peak,0,1
1,Narrowbody,Available,Adequate,Storm,Peak,0,1
91,Narrowbody,Available,Low,Storm,Peak,1,144
53,Widebody,Available,Adequate,Clear,Peak,1,99
86,Widebody,Available,Adequate,Clear,Off-Peak,1,102
100,Narrowbody,Constrained,Adequate,Clear,Peak,1,117
95,Narrowbody,Available,Adequate,Rain,Off-Peak,1,141
96,Widebody,Available,Low,Rain,Off-Peak,1,146
0,Widebody,Available,Adequate,Clear,Peak,0,0
18,Narrowbody,Available,Adequate,Clear,Off-Peak,0,18
1,Narrowbody,Available,Adequate,Clear,Peak,0,1
52,Narrowbody,Available,Adequate,Clear,Peak,0,52
43,Widebody,Available,Low,Storm,Off-Peak,1,69
89,Narrowbody,Available,Adequate,Rain,Off-Peak,1,138
31,Widebody,Constrained,Low,Clear,Off-Peak,1,69
69,Narrowbody,Constrained,Adequate,Clear,Peak,1,105
31,Narrowbody,Available,Adequate,Clear,Peak,0,31
118,Narrowbody,Available,Low,Storm,Off-Peak,1,161
67,Narrowbody,Available,Adequate,Clear,Off-Peak,0,67
54,Narrowbody,Constrained,Adequate,Clear,Peak,1,87
74,Narrowbody,Available,Adequate,Clear,Peak,1,104
55,Narrowbody,Available,Adequate,Rain,Off-Peak,0,55
16,Widebody,Available,Adequate,Rain,Off-Peak,0,16
37,Narrowbody,Available,Adequate,Rain,Peak,0,37
23,Narrowbody,Available,Adequate,Clear,Off-Peak,0,23
68,Widebody,Available,Adequate,Clear,Off-Peak,1,80
115,Widebody,Available,Adequate,Clear,Peak,1,168
97,Widebody,Available,Adequate,Rain,Peak,1,121
69,Widebody,Available,Adequate,Clear,Off-Peak,1,109
85,Narrowbody,Available,Adequate,Clear,Off-Peak,1,110
10,Narrowbody,Available,Low,Rain,Off-Peak,0,10
111,Widebody,Available,Adequate,Rain,Off-Peak,1,149
15,Narrowbody,Available,Low,Clear,Peak,0,15
96,Narrowbody,Available,Adequate,Clear,Off-Peak,1,134
72,Widebody,Constrained,Adequate,Clear,Peak,1,98
58,Narrowbody,Available,Adequate,Rain,Peak,1,89
69,Narrowbody,Available,Adequate,Rain,Off-Peak,1,102
79,Narrowbody,Available,Adequate,Clear,Off-Peak,1,105
92,Narrowbody,Available,Adequate,Clear,Off-Peak,1,122
2,Narrowbody,Available,Adequate,Rain,Peak,0,2
19,Narrowbody,Available,Low,Rain,Peak,0,19
58,Widebody,Available,Adequate,Clear,Off-Peak,1,74
35,Narrowbody,Constrained,Adequate,Clear,Peak,1,86
18,Narrowbody,Available,Low,Clear,Peak,0,18
89,Widebody,Constrained,Adequate,Clear,Peak,1,103
66,Widebody,Constrained,Adequate,Storm,Off-Peak,1,119
18,Widebody,Available,Adequate,Rain,Off-Peak,0,18
19,Widebody,Constrained,Low,Rain,Peak,1,49
95,Narrowbody,Available,Low,Clear,Off-Peak,1,122
70,Narrowbody,Constrained,Adequate,Rain,Off-Peak,1,114
51,Narrowbody,Available,Adequate,Clear,Off-Peak,0,51
104,Narrowbody,Available,Low,Clear,Off-Peak,1,128
32,Narrowbody,Available,Adequate,Clear,Off-Peak,0,32
39,Narrowbody,Available,Adequate,Clear,Peak,0,39
38,Widebody,Available,Adequate,Rain,Off-Peak,0,38
81,Narrowbody,Available,Adequate,Clear,Off-Peak,1,111
103,Narrowbody,Available,Adequate,Clear,Peak,1,149
0,Narrowbody,Available,Adequate,Clear,Off-Peak,0,0
10,Narrowbody,Available,Adequate,Clear,Off-Peak,0,10
91,Narrowbody,Available,Adequate,Clear,Peak,1,126
56,Widebody,Constrained,Low,Clear,Peak,1,107
88,Narrowbody,Constrained,Adequate,Rain,Peak,1,145
49,Narrowbody,Constrained,Adequate,Clear,Peak,1,66
22,Narrowbody,Available,Adequate,Clear,Off-Peak,0,22
30,Widebody,Available,Adequate,Clear,Peak,0,30
93,Narrowbody,Available,Adequate,Rain,Off-Peak,1,106
41,Narrowbody,Constrained,Adequate,Clear,Peak,1,71
98,Narrowbody,Available,Low,Clear,Off-Peak,1,138
6,Narrowbody,Available,Low,Clear,Peak,0,6
15,Widebody,Available,Adequate,Clear,Peak,0,15
89,Widebody,Constrained,Adequate,Clear,Peak,1,123
111,Narrowbody,Available,Adequate,Rain,Off-Peak,1,159
115,Widebody,Available,Low,Rain,Off-Peak,1,139
59,Widebody,Available,Low,Clear,Peak,1,103
112,Widebody,Available,Adequate,Rain,Peak,1,170
1,Widebody,Available,Adequate,Rain,Off-Peak,0,1
0,Narrowbody,Available,Low,Clear,Peak,0,0
47,Narrowbody,Available,Adequate,Clear,Peak,0,47
11,Narrowbody,Constrained,Adequate,Clear,Off-Peak,0,11
68,Widebody,Available,Adequate,Clear,Peak,1,124
36,Narrowbody,Constrained,Adequate,Rain,Off-Peak,1,73
31,Widebody,Constrained,Low,Rain,Off-Peak,1,54
118,Widebody,Available,Low,Storm,Off-Peak,1,131
8,Narrowbody,Available,Adequate,Rain,Peak,0,8
104,Widebody,Available,Adequate,Clear,Peak,1,147
98,Narrowbody,Constrained,Adequate,Clear,Off-Peak,1,119
18,Narrowbody,Available,Adequate,Rain,Peak,0,18
47,Widebody,Available,Adequate,Clear,Peak,1,80
79,Narrowbody,Available,Adequate,Rain,Peak,1,108
2,Widebody,Available,Adequate,Rain,Off-Peak,0,2
19,Widebody,Available,Adequate,Rain,Peak,0,19
23,Narrowbody,Available,Adequate,Rain,Off-Peak,0,23
53,Narrowbody,Available,Adequate,Clear,Off-Peak,0,53
119,Narrowbody,Available,Adequate,Rain,Off-Peak,1,171
32,Narrowbody,Available,Adequate,Rain,Off-Peak,0,32
23,Widebody,Available,Low,Clear,Peak,1,39
115,Narrowbody,Available,Adequate,Rain,Off-Peak,1,160
74,Narrowbody,Available,Adequate,Clear,Peak,1,121
112,Narrowbody,Constrained,Low,Storm,Off-Peak,1,137
71,Narrowbody,Available,Low,Clear,Off-Peak,1,95
35,Widebody,Available,Adequate,Clear,Peak,0,35
37,Narrowbody,Available,Low,Clear,Peak,1,69
103,Widebody,Available,Adequate,Rain,Off-Peak,1,124
83,Narrowbody,Available,Adequate,Clear,Off-Peak,1,121
98,Widebody,Available,Adequate,Clear,Off-Peak,1,151
111,Narrowbody,Constrained,Adequate,Clear,Off-Peak,1,168
88,Narrowbody,Available,Adequate,Storm,Peak,1,112
98,Widebody,Available,Adequate,Clear,Peak,1,136
24,Narrowbody,Available,Adequate,Clear,Off-Peak,0,24
92,Widebody,Available,Adequate,Rain,Peak,1,144
17,Narrowbody,Available,Adequate,Clear,Peak,0,17
109,Narrowbody,Available,Adequate,Storm,Off-Peak,1,139
81,Narrowbody,Available,Adequate,Clear,Off-Peak,1,105
65,Widebody,Available,Low,Rain,Peak,1,88
53,Narrowbody,Available,Low,Clear,Peak,1,104
34,Narrowbody,Available,Low,Clear,Off-Peak,0,34
79,Narrowbody,Available,Adequate,Rain,Off-Peak,1,104
60,Narrowbody,Available,Low,Clear,Off-Peak,1,84
40,Narrowbody,Constrained,Adequate,Rain,Peak,1,91
99,Widebody,Available,Adequate,Clear,Off-Peak,1,112
32,Widebody,Available,Adequate,Clear,Off-Peak,0,32
67,Widebody,Available,Adequate,Clear,Peak,1,99
32,Widebody,Constrained,Adequate,Storm,Peak,1,70
13,Narrowbody,Constrained,Adequate,Clear,Peak,0,13
20,Widebody,Available,Low,Clear,Off-Peak,0,20
47,Narrowbody,Constrained,Adequate,Clear,Off-Peak,1,99
19,Narrowbody,Available,Adequate,Clear,Off-Peak,0,19
119,Narrowbody,Available,Low,Clear,Off-Peak,1,135
7,Narrowbody,Constrained,Adequate,Storm,Peak,1,58
6,Widebody,Constrained,Adequate,Clear,Off-Peak,0,6
66,Narrowbody,Available,Adequate,Rain,Off-Peak,1,80
16,Narrowbody,Available,Adequate,Clear,Off-Peak,0,16
32,Narrowbody,Available,Adequate,Rain,Off-Peak,0,32
47,Widebody,Available,Adequate,Storm,Peak,1,97
75,Narrowbody,Constrained,Adequate,Clear,Off-Peak,1,112
58,Narrowbody,Available,Adequate,Storm,Off-Peak,1,83
114,Narrowbody,Available,Adequate,Clear,Off-Peak,1,164
85,Widebody,Available,Adequate,Storm,Off-Peak,1,124
118,Narrowbody,Available,Adequate,Rain,Off-Peak,1,131
21,Narrowbody,Available,Low,Clear,Peak,0,21
109,Narrowbody,Available,Adequate,Clear,Peak,1,164
29,Narrowbody,Constrained,Adequate,Clear,Peak,0,29
37,Narrowbody,Constrained,Adequate,Clear,Peak,1,96
101,Narrowbody,Available,Adequate,Clear,Peak,1,131
108,Widebody,Constrained,Adequate,Clear,Peak,1,123
50,Narrowbody,Constrained,Adequate,Clear,Off-Peak,1,102
53,Narrowbody,Constrained,Low,Rain,Off-Peak,1,80
7,Widebody,Available,Low,Clear,Off-Peak,0,7
26,Narrowbody,Available,Adequate,Clear,Peak,0,26
26,Narrowbody,Available,Low,Rain,Peak,1,44
97,Narrowbody,Available,Adequate,Clear,Peak,1,126
20,Narrowbody,Available,Adequate,Clear,Off-Peak,0,20
29,Widebody,Available,Adequate,Clear,Peak,0,29
96,Narrowbody,Available,Adequate,Storm,Off-Peak,1,123
27,Widebody,Available,Low,Rain,Off-Peak,1,55
110,Narrowbody,Available,Adequate,Clear,Off-Peak,1,122
63,Narrowbody,Available,Adequate,Rain,Off-Peak,1,81
96,Narrowbody,Constrained,Low,Clear,Off-Peak,1,141
68,Narrowbody,Constrained,Adequate,Rain,Off-Peak,1,108
60,Narrowbody,Constrained,Adequate,Rain,Off-Peak,1,118
47,Widebody,Constrained,Adequate,Rain,Peak,1,73
18,Narrowbody,Available,Low,Clear,Peak,0,18
3,Widebody,Constrained,Low,Clear,Peak,1,46
34,Narrowbody,Available,Adequate,Clear,Off-Peak,0,34
63,Widebody,Available,Adequate,Rain,Peak,1,113
48,Widebody,Available,Adequate,Clear,Peak,1,62
16,Widebody,Available,Low,Rain,Off-Peak,0,16
43,Widebody,Available,Adequate,Storm,Off-Peak,1,99
91,Widebody,Available,Adequate,Clear,Off-Peak,1,103
29,Narrowbody,Constrained,Low,Rain,Off-Peak,1,57
92,Narrowbody,Available,Adequate,Rain,Peak,1,129
45,Narrowbody,Available,Adequate,Storm,Peak,1,57
116,Widebody,Constrained,Adequate,Storm,Off-Peak,1,163
5,Narrowbody,Available,Low,Rain,Peak,0,5
98,Widebody,Available,Adequate,Clear,Peak,1,131
104,Narrowbody,Available,Adequate,Rain,Peak,1,144
36,Narrowbody,Available,Adequate,Clear,Off-Peak,0,36
23,Narrowbody,Available,Adequate,Rain,Peak,0,23
92,Narrowbody,Constrained,Adequate,Storm,Off-Peak,1,112
112,Narrowbody,Available,Adequate,Clear,Peak,1,158
45,Narrowbody,Available,Low,Rain,Off-Peak,1,55
52,Narrowbody,Constrained,Adequate,Clear,Off-Peak,1,70
94,Narrowbody,Available,Adequate,Clear,Peak,1,120
98,Narrowbody,Available,Adequate,Clear,Off-Peak,1,108
59,Narrowbody,Available,Adequate,Rain,Off-Peak,0,59
96,Widebody,Available,Low,Storm,Off-Peak,1,152
115,Narrowbody,Available,Adequate,Storm,Peak,1,150
62,Narrowbody,Available,Adequate,Clear,Off-Peak,0,62
84,Narrowbody,Available,Adequate,Rain,Peak,1,119
31,Narrowbody,Constrained,Adequate,Rain,Off-Peak,0,31
86,Narrowbody,Available,Adequate,Clear,Off-Peak,1,125
32,Narrowbody,Available,Adequate,Clear,Off-Peak,0,32
66,Narrowbody,Available,Low,Clear,Off-Peak,1,83
17,Narrowbody,Available,Low,Storm,Off-Peak,0,17
24,Narrowbody,Available,Adequate,Rain,Off-Peak,0,24
105,Widebody,Available,Low,Rain,Peak,1,136
94,Widebody,Constrained,Adequate,Clear,Peak,1,118
53,Narrowbody,Available,Adequate,Rain,Off-Peak,0,53
57,Narrowbody,Available,Adequate,Clear,Off-Peak,0,57
66,Narrowbody,Available,Adequate,Clear,Peak,1,95
103,Narrowbody,Available,Adequate,Rain,Off-Peak,1,153
45,Widebody,Available,Adequate,Clear,Off-Peak,0,45
23,Narrowbody,Available,Adequate,Rain,Peak,0,23
113,Narrowbody,Available,Adequate,Clear,Peak,1,123
31,Narrowbody,Available,Adequate,Rain,Peak,0,31
46,Widebody,Constrained,Low,Clear,Off-Peak,1,74
85,Narrowbody,Constrained,Adequate,Clear,Off-Peak,1,108
22,Narrowbody,Constrained,Adequate,Clear,Peak,0,22
65,Narrowbody,Constrained,Adequate,Clear,Off-Peak,1,112
26,Narrowbody,Available,Adequate,Storm,Off-Peak,0,26
105,Narrowbody,Constrained,Low,Clear,Off-Peak,1,140
1,Narrowbody,Available,Adequate,Rain,Off-Peak,0,1
89,Narrowbody,Constrained,Adequate,Storm,Peak,1,127
16,Narrowbody,Constrained,Low,Clear,Peak,1,40
103,Narrowbody,Available,Adequate,Clear,Peak,1,158
32,Narrowbody,Constrained,Adequate,Rain,Off-Peak,0,32
8,Narrowbody,Available,Adequate,Storm,Off-Peak,0,8
42,Narrowbody,Available,Low,Storm,Off-Peak,1,79
117,Widebody,Available,Adequate,Clear,Off-Peak,1,129
47,Narrowbody,Available,Adequate,Rain,Peak,1,74
38,Narrowbody,Available,Adequate,Clear,Off-Peak,0,38
92,Narrowbody,Available,Adequate,Storm,Off-Peak,1,133
41,Narrowbody,Constrained,Adequate,Storm,Off-Peak,1,79
118,Widebody,Available,Adequate,Clear,Peak,1,152
25,Narrowbody,Constrained,Adequate,Clear,Off-Peak,0,25
98,Widebody,Constrained,Low,Clear,Off-Peak,1,146
49,Narrowbody,Constrained,Low,Clear,Off-Peak,1,66
24,Narrowbody,Constrained,Adequate,Rain,Peak,1,52
23,Widebody,Available,Low,Clear,Off-Peak,0,23
12,Widebody,Constrained,Adequate,Clear,Peak,0,12
59,Widebody,Constrained,Adequate,Clear,Peak,1,90
6,Widebody,Available,Adequate,Storm,Off-Peak,0,6
56,Narrowbody,Available,Low,Rain,Peak,1,98
35,Widebody,Available,Low,Clear,Off-Peak,1,82
44,Narrowbody,Available,Adequate,Clear,Peak,0,44
19,Widebody,Available,Low,Storm,Off-Peak,1,74
64,Narrowbody,Available,Adequate,Rain,Off-Peak,1,108
7,Widebody,Available,Low,Clear,Off-Peak,0,7
109,Narrowbody,Available,Low,Clear,Off-Peak,1,121
15,Narrowbody,Constrained,Adequate,Clear,Peak,0,15
13,Narrowbody,Available,Low,Clear,Off-Peak,0,13
75,Widebody,Available,Adequate,Clear,Peak,1,111
114,Narrowbody,Available,Adequate,Storm,Off-Peak,1,138
86,Narrowbody,Available,Adequate,Clear,Peak,1,106
14,Narrowbody,Constrained,Adequate,Rain,Off-Peak,0,14
91,Narrowbody,Available,Low,Clear,Off-Peak,1,126
97,Widebody,Available,Adequate,Rain,Off-Peak,1,130
65,Narrowbody,Available,Adequate,Rain,Peak,1,87
31,Widebody,Available,Low,Clear,Off-Peak,0,31
86,Narrowbody,Constrained,Low,Clear,Off-Peak,1,132
62,Narrowbody,Available,Adequate,Rain,Off-Peak,1,75
85,Widebody,Available,Low,Clear,Peak,1,107
50,Narrowbody,Available,Adequate,Clear,Off-Peak,0,50
24,Narrowbody,Available,Low,Clear,Peak,0,24
57,Narrowbody,Available,Adequate,Storm,Off-Peak,1,100
62,Widebody,Available,Adequate,Clear,Peak,1,108
61,Narrowbody,Available,Adequate,Rain,Peak,1,118
21,Widebody,Available,Adequate,Clear,Off-Peak,0,21
57,Widebody,Available,Adequate,Rain,Off-Peak,1,67
57,Narrowbody,Constrained,Adequate,Clear,Off-Peak,1,78
85,Narrowbody,Constrained,Adequate,Rain,Off-Peak,1,115
48,Narrowbody,Available,Low,Clear,Off-Peak,0,48
51,Narrowbody,Constrained,Adequate,Rain,Peak,1,104
41,Narrowbody,Available,Adequate,Rain,Off-Peak,0,41
69,Narrowbody,Available,Adequate,Clear,Peak,1,122
14,Narrowbody,Constrained,Adequate,Clear,Off-Peak,0,14
53,Widebody,Constrained,Low,Clear,Peak,1,96
106,Widebody,Constrained,Low,Clear,Off-Peak,1,149
59,Widebody,Available,Adequate,Rain,Off-Peak,1,93
100,Narrowbody,Available,Adequate,Clear,Off-Peak,1,113
96,Narrowbody,Constrained,Low,Clear,Off-Peak,1,131
7,Narrowbody,Available,Adequate,Rain,Off-Peak,0,7
52,Widebody,Available,Low,Clear,Peak,1,71
59,Narrowbody,Available,Adequate,Clear,Peak,1,113
107,Widebody,Available,Low,Clear,Off-Peak,1,118
107,Narrowbody,Available,Adequate,Storm,Off-Peak,1,151
4,Narrowbody,Available,Adequate,Rain,Off-Peak,0,4
102,Widebody,Constrained,Low,Rain,Off-Peak,1,117
67,Narrowbody,Available,Adequate,Clear,Off-Peak,0,67
5,Widebody,Available,Adequate,Rain,Peak,0,5
108,Widebody,Available,Adequate,Clear,Peak,1,131
95,Narrowbody,Available,Adequate,Clear,Peak,1,114
115,Narrowbody,Available,Adequate,Clear,Off-Peak,1,127
93,Narrowbody,Available,Adequate,Clear,Peak,1,140
46,Widebody,Constrained,Adequate,Clear,Peak,1,84
98,Narrowbody,Available,Adequate,Clear,Off-Peak,1,122
54,Narrowbody,Constrained,Low,Clear,Off-Peak,1,86
39,Narrowbody,Available,Adequate,Clear,Peak,0,39
51,Widebody,Available,Adequate,Rain,Off-Peak,1,78
15,Narrowbody,Available,Adequate,Clear,Off-Peak,0,15
12,Widebody,Available,Adequate,Rain,Off-Peak,0,12
113,Widebody,Constrained,Adequate,Clear,Peak,1,150
105,Narrowbody,Available,Adequate,Rain,Off-Peak,1,140
29,Narrowbody,Available,Adequate,Clear,Peak,0,29
18,Widebody,Constrained,Adequate,Clear,Peak,1,74
16,Narrowbody,Constrained,Adequate,Clear,Peak,0,16
119,Widebody,Constrained,Adequate,Rain,Off-Peak,1,130
62,Narrowbody,Available,Adequate,Rain,Peak,1,74
18,Narrowbody,Constrained,Adequate,Clear,Off-Peak,0,18
91,Widebody,Available,Adequate,Clear,Off-Peak,1,116
57,Narrowbody,Available,Adequate,Rain,Off-Peak,0,57
54,Narrowbody,Available,Low,Rain,Off-Peak,1,73
89,Narrowbody,Available,Adequate,Clear,Peak,1,117
100,Narrowbody,Available,Adequate,Clear,Off-Peak,1,137
89,Narrowbody,Available,Adequate,Clear,Off-Peak,1,115
116,Narrowbody,Constrained,Adequate,Rain,Off-Peak,1,153
61,Widebody,Available,Adequate,Clear,Peak,1,89
22,Narrowbody,Available,Adequate,Storm,Peak,0,22
8,Narrowbody,Available,Low,Clear,Peak,0,8
11,Narrowbody,Constrained,Adequate,Clear,Off-Peak,0,11
116,Widebody,Available,Low,Clear,Off-Peak,1,138
0,Narrowbody,Available,Adequate,Storm,Peak,0,0
57,Widebody,Constrained,Adequate,Rain,Off-Peak,1,109
0,Narrowbody,Constrained,Adequate,Clear,Off-Peak,0,0
110,Narrowbody,Available,Adequate,Rain,Peak,1,167
33,Narrowbody,Available,Adequate,Clear,Off-Peak,0,33
95,Narrowbody,Constrained,Adequate,Clear,Peak,1,121
117,Narrowbody,Available,Adequate,Clear,Off-Peak,1,176
47,Narrowbody,Available,Low,Clear,Off-Peak,0,47
88,Widebody,Constrained,Low,Clear,Off-Peak,1,116
103,Narrowbody,Available,Adequate,Storm,Off-Peak,1,116
108,Narrowbody,Available,Adequate,Clear,Peak,1,139
116,Narrowbody,Available,Adequate,Storm,Peak,1,147
0,Widebody,Available,Adequate,Clear,Off-Peak,0,0
15,Narrowbody,Available,Adequate,Rain,Off-Peak,0,15
60,Narrowbody,Constrained,Adequate,Clear,Peak,1,103
102,Narrowbody,Available,Adequate,Clear,Peak,1,144
63,Widebody,Available,Adequate,Clear,Off-Peak,1,116
62,Narrowbody,Available,Low,Clear,Off-Peak,1,113
68,Narrowbody,Available,Adequate,Rain,Off-Peak,1,117
21,Widebody,Constrained,Low,Clear,Peak,1,63
92,Widebody,Available,Adequate,Rain,Peak,1,113
118,Narrowbody,Available,Adequate,Clear,Off-Peak,1,129
66,Widebody,Available,Adequate,Clear,Peak,1,103
75,Narrowbody,Available,Adequate,Clear,Off-Peak,1,94
25,Narrowbody,Available,Adequate,Storm,Off-Peak,0,25
15,Narrowbody,Available,Adequate,Rain,Off-Peak,0,15
50,Narrowbody,Constrained,Adequate,Clear,Peak,1,85
100,Narrowbody,Available,Adequate,Clear,Off-Peak,1,112
85,Widebody,Available,Adequate,Clear,Off-Peak,1,101
56,Narrowbody,Available,Adequate,Storm,Off-Peak,1,109
28,Narrowbody,Constrained,Adequate,Rain,Off-Peak,0,28
77,Narrowbody,Available,Adequate,Clear,Off-Peak,1,106
91,Widebody,Available,Adequate,Clear,Peak,1,112
68,Narrowbody,Available,Adequate,Clear,Off-Peak,0,68
46,Narrowbody,Available,Low,Storm,Peak,1,72
112,Narrowbody,Constrained,Adequate,Clear,Off-Peak,1,149
93,Narrowbody,Available,Low,Rain,Off-Peak,1,143
109,Widebody,Available,Adequate,Clear,Off-Peak,1,128
61,Widebody,Constrained,Adequate,Rain,Off-Peak,1,92
115,Narrowbody,Constrained,Adequate,Rain,Off-Peak,1,162
68,Widebody,Constrained,Adequate,Rain,Off-Peak,1,110
75,Narrowbody,Constrained,Adequate,Rain,Peak,1,106
15,Widebody,Available,Low,Rain,Peak,1,68
89,Narrowbody,Available,Adequate,Clear,Off-Peak,1,135
89,Narrowbody,Available,Adequate,Clear,Off-Peak,1,111
47,Narrowbody,Available,Adequate,Clear,Off-Peak,0,47
84,Narrowbody,Available,Low,Storm,Off-Peak,1,108
38,Narrowbody,Available,Adequate,Clear,Off-Peak,0,38
99,Narrowbody,Available,Adequate,Rain,Peak,1,138
32,Narrowbody,Constrained,Adequate,Rain,Off-Peak,0,32
93,Widebody,Available,Low,Clear,Off-Peak,1,142
100,Narrowbody,Constrained,Low,Clear,Off-Peak,1,146
22,Narrowbody,Available,Adequate,Clear,Off-Peak,0,22
9,Widebody,Available,Low,Clear,Peak,0,9
117,Narrowbody,Available,Low,Clear,Off-Peak,1,160
68,Narrowbody,Available,Adequate,Clear,Off-Peak,0,68
99,Narrowbody,Available,Adequate,Rain,Peak,1,143
33,Widebody,Constrained,Adequate,Storm,Off-Peak,1,84
51,Narrowbody,Available,Low,Clear,Peak,1,79
94,Narrowbody,Available,Adequate,Clear,Peak,1,111
9,Widebody,Available,Low,Clear,Off-Peak,0,9
18,Widebody,Available,Adequate,Rain,Peak,0,18
57,Narrowbody,Constrained,Low,Rain,Off-Peak,1,110
95,Narrowbody,Constrained,Adequate,Clear,Off-Peak,1,132
0,Narrowbody,Available,Adequate,Clear,Off-Peak,0,0
119,Widebody,Available,Low,Rain,Off-Peak,1,176
68,Narrowbody,Available,Low,Rain,Peak,1,102
108,Narrowbody,Constrained,Low,Clear,Peak,1,153
3,Widebody,Available,Adequate,Rain,Peak,0,3
15,Narrowbody,Available,Adequate,Clear,Peak,0,15
23,Narrowbody,Constrained,Adequate,Clear,Off-Peak,0,23
79,Narrowbody,Available,Adequate,Rain,Off-Peak,1,90
118,Narrowbody,Constrained,Adequate,Rain,Off-Peak,1,158
1,Narrowbody,Available,Adequate,Clear,Off-Peak,0,1
112,Narrowbody,Available,Adequate,Storm,Off-Peak,1,154
91,Narrowbody,Available,Low,Clear,Peak,1,130
31,Narrowbody,Constrained,Adequate,Rain,Off-Peak,0,31
90,Widebody,Constrained,Adequate,Clear,Off-Peak,1,143
83,Narrowbody,Available,Adequate,Rain,Off-Peak,1,104
23,Widebody,Available,Adequate,Storm,Peak,1,81
11,Narrowbody,Available,Adequate,Clear,Peak,0,11
49,Widebody,Constrained,Low,Storm,Peak,1,82
34,Widebody,Available,Low,Rain,Off-Peak,1,54
32,Narrowbody,Available,Low,Rain,Peak,1,54
32,Widebody,Available,Low,Clear,Off-Peak,0,32
60,Widebody,Constrained,Adequate,Rain,Peak,1,77
50,Narrowbody,Available,Adequate,Rain,Off-Peak,0,50
42,Narrowbody,Available,Adequate,Clear,Off-Peak,0,42
100,Narrowbody,Available,Adequate,Storm,Off-Peak,1,129
11,Widebody,Constrained,Adequate,Clear,Peak,0,11
66,Widebody,Available,Adequate,Clear,Off-Peak,1,84
64,Widebody,Available,Adequate,Clear,Peak,1,80
32,Narrowbody,Constrained,Adequate,Clear,Off-Peak,0,32
39,Widebody,Available,Adequate,Rain,Off-Peak,0,39
73,Narrowbody,Available,Adequate,Clear,Off-Peak,1,84
42,Narrowbody,Available,Adequate,Storm,Off-Peak,1,94
43,Narrowbody,Constrained,Adequate,Clear,Off-Peak,0,43
28,Narrowbody,Available,Adequate,Clear,Off-Peak,0,28
12,Narrowbody,Constrained,Low,Clear,Peak,1,42
11,Narrowbody,Available,Adequate,Clear,Off-Peak,0,11
94,Narrowbody,Available,Adequate,Storm,Peak,1,131
45,Narrowbody,Available,Low,Rain,Peak,1,89
1,Narrowbody,Constrained,Adequate,Rain,Peak,0,1
114,Narrowbody,Available,Adequate,Clear,Off-Peak,1,169
113,Narrowbody,Constrained,Adequate,Clear,Off-Peak,1,137
34,Narrowbody,Available,Adequate,Clear,Off-Peak,0,34
86,Narrowbody,Available,Low,Clear,Peak,1,107
80,Narrowbody,Available,Low,Clear,Peak,1,125
89,Narrowbody,Constrained,Adequate,Rain,Off-Peak,1,101
7,Narrowbody,Available,Adequate,Clear,Off-Peak,0,7
92,Narrowbody,Available,Adequate,Rain,Peak,1,104
25,Narrowbody,Available,Adequate,Clear,Off-Peak,0,25
73,Widebody,Constrained,Adequate,Clear,Peak,1,101
89,Narrowbody,Available,Adequate,Rain,Off-Peak,1,100
33,Narrowbody,Constrained,Adequate,Clear,Peak,1,86
114,Narrowbody,Available,Adequate,Rain,Off-Peak,1,160
104,Narrowbody,Available,Adequate,Rain,Off-Peak,1,130
6,Narrowbody,Available,Adequate,Clear,Peak,0,6
67,Narrowbody,Constrained,Adequate,Storm,Peak,1,104
57,Narrowbody,Constrained,Low,Clear,Off-Peak,1,93
116,Narrowbody,Available,Adequate,Clear,Off-Peak,1,135
113,Narrowbody,Available,Adequate,Rain,Peak,1,125
108,Widebody,Available,Low,Clear,Peak,1,153
74,Widebody,Available,Adequate,Rain,Peak,1,121
28,Widebody,Available,Adequate,Rain,Peak,0,28
119,Widebody,Available,Adequate,Storm,Off-Peak,1,150
35,Narrowbody,Available,Adequate,Clear,Off-Peak,0,35
88,Narrowbody,Available,Adequate,Clear,Peak,1,136
20,Narrowbody,Available,Adequate,Rain,Peak,0,20
35,Narrowbody,Available,Adequate,Clear,Off-Peak,0,35
9,Widebody,Available,Low,Clear,Off-Peak,0,9
100,Narrowbody,Available,Adequate,Clear,Peak,1,139
72,Widebody,Constrained,Adequate,Clear,Off-Peak,1,109
23,Narrowbody,Available,Low,Clear,Off-Peak,0,23
63,Widebody,Available,Adequate,Rain,Off-Peak,1,98
98,Narrowbody,Available,Low,Rain,Peak,1,150
48,Narrowbody,Available,Adequate,Clear,Peak,0,48
98,Narrowbody,Available,Low,Clear,Off-Peak,1,128
111,Narrowbody,Available,Adequate,Clear,Peak,1,121
35,Narrowbody,Constrained,Low,Rain,Peak,1,81
81,Narrowbody,Available,Low,Clear,Off-Peak,1,103
112,Widebody,Available,Adequate,Rain,Peak,1,142
102,Narrowbody,Available,Adequate,Clear,Off-Peak,1,157
95,Narrowbody,Available,Adequate,Rain,Off-Peak,1,113
23,Narrowbody,Available,Adequate,Clear,Off-Peak,0,23
22,Widebody,Constrained,Adequate,Rain,Off-Peak,1,78
61,Narrowbody,Available,Adequate,Clear,Off-Peak,0,61
95,Narrowbody,Available,Adequate,Rain,Peak,1,135
36,Narrowbody,Available,Adequate,Clear,Peak,0,36
11,Narrowbody,Available,Adequate,Rain,Peak,0,11
112,Narrowbody,Constrained,Adequate,Rain,Off-Peak,1,133
54,Narrowbody,Available,Adequate,Clear,Off-Peak,0,54
12,Narrowbody,Available,Adequate,Rain,Off-Peak,0,12
22,Widebody,Available,Adequate,Clear,Off-Peak,0,22
88,Narrowbody,Constrained,Adequate,Clear,Off-Peak,1,102
98,Narrowbody,Available,Adequate,Clear,Peak,1,116
104,Narrowbody,Available,Adequate,Clear,Peak,1,159
29,Widebody,Available,Adequate,Rain,Off-Peak,0,29
16,Narrowbody,Available,Low,Rain,Off-Peak,0,16
112,Widebody,Available,Adequate,Clear,Peak,1,165
61,Narrowbody,Available,Adequate,Clear,Off-Peak,0,61
83,Narrowbody,Available,Adequate,Rain,Peak,1,122
111,Narrowbody,Available,Low,Storm,Peak,1,146
88,Widebody,Available,Low,Clear,Peak,1,142
85,Narrowbody,Available,Adequate,Storm,Off-Peak,1,123
12,Widebody,Available,Adequate,Clear,Peak,0,12
58,Widebody,Available,Low,Clear,Off-Peak,1,114
18,Narrowbody,Available,Adequate,Rain,Peak,0,18
48,Narrowbody,Constrained,Adequate,Clear,Off-Peak,1,80
99,Narrowbody,Available,Adequate,Clear,Off-Peak,1,150
11,Narrowbody,Available,Adequate,Clear,Off-Peak,0,11
60,Widebody,Available,Low,Rain,Off-Peak,1,100
104,Widebody,Constrained,Low,Rain,Peak,1,148
18,Narrowbody,Available,Low,Clear,Peak,0,18
75,Narrowbody,Available,Adequate,Clear,Peak,1,89
8,Widebody,Available,Low,Clear,Off-Peak,0,8
70,Narrowbody,Available,Adequate,Clear,Peak,1,96
27,Widebody,Available,Adequate,Clear,Off-Peak,0,27
77,Narrowbody,Available,Low,Rain,Peak,1,124
94,Narrowbody,Available,Adequate,Clear,Peak,1,135
51,Narrowbody,Constrained,Adequate,Clear,Off-Peak,1,80
82,Narrowbody,Available,Adequate,Clear,Peak,1,139
110,Narrowbody,Available,Low,Clear,Off-Peak,1,121
15,Narrowbody,Available,Adequate,Storm,Off-Peak,0,15
116,Narrowbody,Available,Adequate,Clear,Off-Peak,1,172
68,Widebody,Available,Adequate,Clear,Off-Peak,1,95
98,Widebody,Available,Low,Clear,Peak,1,108
11,Narrowbody,Available,Low,Clear,Off-Peak,0,11
24,Narrowbody,Constrained,Adequate,Clear,Off-Peak,0,24
51,Narrowbody,Constrained,Adequate,Clear,Peak,1,79
84,Narrowbody,Available,Adequate,Clear,Peak,1,137
99,Narrowbody,Available,Low,Clear,Peak,1,148
52,Narrowbody,Constrained,Adequate,Clear,Peak,1,67
22,Narrowbody,Available,Low,Clear,Peak,0,22
15,Narrowbody,Constrained,Adequate,Storm,Off-Peak,0,15
56,Narrowbody,Available,Low,Clear,Off-Peak,1,115
38,Narrowbody,Available,Low,Clear,Off-Peak,0,38
108,Widebody,Available,Adequate,Clear,Off-Peak,1,125
52,Narrowbody,Available,Low,Clear,Peak,1,85
41,Narrowbody,Available,Adequate,Rain,Off-Peak,0,41
57,Narrowbody,Available,Adequate,Clear,Peak,1,80
38,Narrowbody,Available,Adequate,Rain,Off-Peak,0,38
13,Widebody,Available,Low,Clear,Off-Peak,0,13
94,Narrowbody,Available,Adequate,Clear,Off-Peak,1,143
4,Widebody,Constrained,Adequate,Rain,Peak,0,4
34,Narrowbody,Available,Adequate,Clear,Peak,0,34
86,Narrowbody,Constrained,Adequate,Clear,Peak,1,140
92,Widebody,Available,Adequate,Clear,Off-Peak,1,108
106,Narrowbody,Available,Adequate,Rain,Peak,1,131
74,Narrowbody,Constrained,Low,Clear,Off-Peak,1,90
17,Narrowbody,Available,Adequate,Rain,Off-Peak,0,17
110,Narrowbody,Available,Adequate,Clear,Peak,1,133
75,Widebody,Available,Adequate,Rain,Off-Peak,1,98
8,Narrowbody,Available,Adequate,Clear,Peak,0,8
73,Narrowbody,Available,Low,Rain,Off-Peak,1,115
57,Narrowbody,Constrained,Low,Clear,Peak,1,99
107,Narrowbody,Available,Adequate,Storm,Peak,1,160
16,Narrowbody,Available,Low,Clear,Off-Peak,0,16
101,Narrowbody,Available,Low,Clear,Peak,1,157
6,Narrowbody,Available,Low,Clear,Off-Peak,0,6
45,Widebody,Available,Adequate,Clear,Peak,1,61
12,Narrowbody,Available,Low,Clear,Off-Peak,0,12
39,Narrowbody,Available,Adequate,Storm,Off-Peak,0,39
41,Widebody,Available,Adequate,Storm,Off-Peak,1,53
8,Narrowbody,Available,Adequate,Clear,Off-Peak,0,8
49,Narrowbody,Available,Adequate,Storm,Peak,1,87
26,Narrowbody,Available,Adequate,Clear,Off-Peak,0,26
65,Narrowbody,Available,Adequate,Clear,Off-Peak,0,65
4,Narrowbody,Constrained,Adequate,Rain,Off-Peak,0,4
28,Widebody,Available,Low,Rain,Off-Peak,1,85
36,Narrowbody,Available,Low,Storm,Peak,1,69
37,Narrowbody,Available,Adequate,Clear,Peak,0,37
82,Widebody,Available,Low,Rain,Off-Peak,1,114
7,Narrowbody,Available,Low,Clear,Peak,0,7
111,Narrowbody,Available,Low,Clear,Peak,1,130
108,Narrowbody,Available,Adequate,Clear,Off-Peak,1,133
64,Widebody,Available,Adequate,Storm,Peak,1,84
85,Narrowbody,Available,Low,Rain,Off-Peak,1,126
115,Narrowbody,Available,Adequate,Rain,Peak,1,169
16,Narrowbody,Available,Adequate,Clear,Peak,0,16
70,Narrowbody,Available,Adequate,Clear,Off-Peak,1,103
88,Narrowbody,Constrained,Adequate,Clear,Peak,1,130
44,Narrowbody,Constrained,Adequate,Clear,Peak,1,65
3,Widebody,Constrained,Adequate,Clear,Off-Peak,0,3
35,Narrowbody,Constrained,Adequate,Rain,Peak,1,82
69,Narrowbody,Constrained,Low,Clear,Off-Peak,1,96
30,Widebody,Available,Low,Clear,Peak,1,84
18,Widebody,Available,Adequate,Clear,Peak,0,18
60,Narrowbody,Available,Low,Clear,Off-Peak,1,82
107,Narrowbody,Available,Adequate,Clear,Off-Peak,1,156
53,Narrowbody,Available,Adequate,Storm,Peak,1,92
38,Widebody,Available,Low,Rain,Off-Peak,1,96
90,Widebody,Available,Low,Rain,Off-Peak,1,140
73,Narrowbody,Available,Low,Clear,Off-Peak,1,95
89,Widebody,Constrained,Adequate,Clear,Off-Peak,1,132
18,Narrowbody,Available,Low,Clear,Off-Peak,0,18
38,Narrowbody,Available,Adequate,Rain,Off-Peak,0,38
66,Narrowbody,Available,Low,Rain,Off-Peak,1,100
44,Widebody,Available,Low,Clear,Peak,1,55
12,Narrowbody,Constrained,Adequate,Clear,Off-Peak,0,12
113,Widebody,Available,Adequate,Clear,Off-Peak,1,140
91,Widebody,Constrained,Low,Rain,Off-Peak,1,105
57,Widebody,Available,Adequate,Storm,Peak,1,85
19,Narrowbody,Available,Adequate,Clear,Off-Peak,0,19
91,Narrowbody,Available,Low,Clear,Off-Peak,1,118
71,Narrowbody,Available,Adequate,Clear,Off-Peak,1,112
60,Narrowbody,Available,Low,Clear,Peak,1,90
104,Narrowbody,Available,Adequate,Clear,Peak,1,123
38,Widebody,Available,Adequate,Clear,Peak,0,38
0,Narrowbody,Constrained,Low,Rain,Peak,0,0
2,Narrowbody,Available,Adequate,Rain,Peak,0,2
76,Narrowbody,Constrained,Adequate,Clear,Off-Peak,1,98
91,Narrowbody,Available,Low,Rain,Peak,1,117
61,Narrowbody,Available,Adequate,Clear,Off-Peak,0,61
62,Narrowbody,Available,Adequate,Clear,Peak,1,95
112,Widebody,Available,Adequate,Clear,Peak,1,165
24,Narrowbody,Available,Low,Clear,Off-Peak,0,24
55,Widebody,Available,Low,Clear,Off-Peak,1,110
32,Widebody,Available,Low,Clear,Off-Peak,0,32
37,Narrowbody,Constrained,Adequate,Clear,Peak,1,83
116,Widebody,Available,Low,Storm,Peak,1,144
5,Narrowbody,Constrained,Adequate,Clear,Peak,0,5
57,Widebody,Available,Adequate,Clear,Off-Peak,1,112
43,Narrowbody,Available,Adequate,Clear,Peak,0,43
44,Widebody,Available,Low,Rain,Peak,1,83
31,Widebody,Available,Low,Clear,Peak,1,47
44,Widebody,Available,Adequate,Rain,Off-Peak,0,44
60,Widebody,Available,Adequate,Clear,Off-Peak,1,109
46,Narrowbody,Available,Low,Clear,Peak,1,101
20,Narrowbody,Available,Adequate,Clear,Peak,0,20
79,Narrowbody,Constrained,Low,Clear,Peak,1,99
117,Narrowbody,Constrained,Adequate,Clear,Off-Peak,1,140
84,Narrowbody,Available,Adequate,Clear,Off-Peak,1,114
74,Narrowbody,Available,Adequate,Clear,Peak,1,91
100,Widebody,Available,Adequate,Clear,Off-Peak,1,112
35,Narrowbody,Available,Low,Clear,Peak,1,72
98,Widebody,Available,Adequate,Storm,Off-Peak,1,136
18,Narrowbody,Available,Low,Clear,Off-Peak,0,18
19,Widebody,Available,Adequate,Rain,Peak,0,19
56,Widebody,Available,Adequate,Rain,Peak,1,100
17,Narrowbody,Available,Adequate,Clear,Off-Peak,0,17
46,Narrowbody,Constrained,Adequate,Clear,Off-Peak,1,67
104,Widebody,Constrained,Low,Clear,Peak,1,160
48,Narrowbody,Available,Adequate,Rain,Off-Peak,0,48
13,Narrowbody,Constrained,Adequate,Rain,Peak,0,13
14,Narrowbody,Constrained,Adequate,Rain,Off-Peak,0,14
30,Narrowbody,Available,Adequate,Storm,Peak,1,50
0,Narrowbody,Available,Adequate,Rain,Peak,0,0
116,Narrowbody,Available,Low,Clear,Peak,1,172
53,Narrowbody,Constrained,Adequate,Clear,Off-Peak,1,104
117,Narrowbody,Constrained,Adequate,Rain,Peak,1,173
2,Widebody,Available,Adequate,Clear,Off-Peak,0,2
15,Narrowbody,Available,Low,Clear,Off-Peak,0,15
86,Widebody,Available,Adequate,Rain,Peak,1,108
56,Narrowbody,Available,Adequate,Clear,Peak,1,79
74,Narrowbody,Available,Adequate,Storm,Peak,1,132
11,Narrowbody,Constrained,Adequate,Rain,Off-Peak,0,11
73,Narrowbody,Available,Adequate,Clear,Off-Peak,1,124
95,Narrowbody,Constrained,Adequate,Storm,Off-Peak,1,129
15,Narrowbody,Constrained,Low,Clear,Peak,1,57
71,Narrowbody,Available,Adequate,Clear,Peak,1,113
101,Narrowbody,Available,Low,Clear,Off-Peak,1,125
75,Narrowbody,Available,Adequate,Clear,Peak,1,100
23,Narrowbody,Available,Adequate,Clear,Off-Peak,0,23
27,Narrowbody,Available,Adequate,Clear,Off-Peak,0,27
116,Widebody,Available,Adequate,Clear,Off-Peak,1,131
7,Narrowbody,Available,Low,Clear,Off-Peak,0,7
91,Narrowbody,Available,Adequate,Rain,Off-Peak,1,125
35,Widebody,Available,Adequate,Rain,Peak,1,59
89,Narrowbody,Available,Adequate,Clear,Off-Peak,1,102
7,Narrowbody,Available,Low,Clear,Peak,0,7
57,Widebody,Available,Adequate,Clear,Off-Peak,1,96
59,Narrowbody,Available,Low,Clear,Peak,1,102
49,Narrowbody,Available,Adequate,Rain,Peak,1,85
27,Narrowbody,Available,Adequate,Rain,Peak,0,27
91,Narrowbody,Available,Adequate,Clear,Off-Peak,1,132
100,Narrowbody,Available,Adequate,Clear,Peak,1,153
40,Narrowbody,Available,Adequate,Clear,Peak,0,40
99,Narrowbody,Constrained,Adequate,Rain,Off-Peak,1,117
63,Narrowbody,Available,Low,Clear,Off-Peak,1,113
26,Widebody,Available,Low,Storm,Off-Peak,1,43
117,Widebody,Available,Low,Rain,Peak,1,140
62,Narrowbody,Available,Adequate,Clear,Off-Peak,0,62
16,Narrowbody,Available,Adequate,Clear,Off-Peak,0,16
72,Narrowbody,Available,Adequate,Storm,Off-Peak,1,102
32,Narrowbody,Available,Low,Clear,Off-Peak,0,32
116,Narrowbody,Available,Low,Clear,Peak,1,127
83,Narrowbody,Available,Adequate,Clear,Off-Peak,1,105
76,Widebody,Available,Adequate,Rain,Peak,1,89
91,Narrowbody,Available,Adequate,Rain,Peak,1,120
111,Narrowbody,Constrained,Adequate,Rain,Off-Peak,1,170
28,Narrowbody,Available,Adequate,Rain,Peak,0,28
12,Narrowbody,Available,Adequate,Rain,Off-Peak,0,12
45,Widebody,Available,Low,Storm,Peak,1,84
34,Widebody,Available,Adequate,Clear,Off-Peak,0,34
5,Widebody,Available,Adequate,Clear,Peak,0,5
81,Narrowbody,Available,Low,Rain,Off-Peak,1,102
114,Narrowbody,Available,Adequate,Rain,Off-Peak,1,164
68,Narrowbody,Available,Adequate,Rain,Peak,1,115
46,Narrowbody,Available,Adequate,Clear,Off-Peak,0,46
24,Narrowbody,Available,Adequate,Rain,Peak,0,24
65,Widebody,Constrained,Adequate,Rain,Off-Peak,1,76
9,Narrowbody,Available,Low,Clear,Peak,0,9
55,Narrowbody,Available,Adequate,Clear,Off-Peak,0,55
29,Narrowbody,Available,Adequate,Clear,Peak,0,29
113,Narrowbody,Available,Adequate,Clear,Off-Peak,1,164
108,Narrowbody,Available,Adequate,Clear,Off-Peak,1,157
4,Widebody,Available,Low,Clear,Off-Peak,0,4
118,Widebody,Available,Low,Clear,Peak,1,144
119,Widebody,Available,Adequate,Rain,Off-Peak,1,153
32,Narrowbody,Available,Low,Rain,Peak,1,73
117,Narrowbody,Available,Adequate,Rain,Peak,1,138
64,Narrowbody,Constrained,Low,Clear,Off-Peak,1,122
17,Narrowbody,Available,Adequate,Clear,Peak,0,17
95,Widebody,Available,Low,Rain,Off-Peak,1,123
110,Narrowbody,Available,Low,Clear,Off-Peak,1,163
48,Narrowbody,Available,Adequate,Storm,Peak,1,105
10,Narrowbody,Constrained,Adequate,Rain,Peak,0,10
84,Narrowbody,Available,Low,Clear,Peak,1,124
25,Widebody,Available,Low,Storm,Off-Peak,1,71
62,Narrowbody,Available,Adequate,Clear,Off-Peak,0,62
88,Narrowbody,Available,Low,Clear,Off-Peak,1,113
85,Narrowbody,Available,Adequate,Rain,Peak,1,132
58,Narrowbody,Available,Adequate,Clear,Off-Peak,0,58
26,Widebody,Available,Adequate,Storm,Peak,1,84
48,Widebody,Available,Adequate,Clear,Off-Peak,0,48
76,Widebody,Available,Low,Clear,Off-Peak,1,99
32,Widebody,Constrained,Adequate,Clear,Off-Peak,1,47
97,Narrowbody,Constrained,Low,Rain,Off-Peak,1,131
104,Narrowbody,Constrained,Adequate,Clear,Off-Peak,1,136
98,Narrowbody,Available,Adequate,Clear,Peak,1,150
0,Narrowbody,Available,Adequate,Rain,Peak,0,0
20,Widebody,Constrained,Adequate,Clear,Off-Peak,0,20
111,Narrowbody,Available,Adequate,Rain,Off-Peak,1,156
54,Widebody,Available,Adequate,Clear,Off-Peak,0,54
5,Narrowbody,Constrained,Adequate,Rain,Peak,0,5
91,Narrowbody,Constrained,Adequate,Rain,Off-Peak,1,106
80,Narrowbody,Available,Adequate,Clear,Peak,1,127
68,Widebody,Available,Adequate,Clear,Off-Peak,1,127
94,Narrowbody,Available,Low,Rain,Off-Peak,1,143
4,Narrowbody,Constrained,Low,Clear,Peak,0,4
101,Narrowbody,Constrained,Adequate,Storm,Off-Peak,1,118
2,Narrowbody,Available,Adequate,Clear,Peak,0,2
52,Narrowbody,Available,Adequate,Clear,Off-Peak,0,52
22,Widebody,Constrained,Low,Clear,Off-Peak,1,65
100,Narrowbody,Available,Adequate,Storm,Off-Peak,1,153
52,Narrowbody,Available,Adequate,Clear,Peak,0,52
36,Narrowbody,Constrained,Adequate,Rain,Peak,1,81
73,Narrowbody,Available,Adequate,Rain,Off-Peak,1,117
73,Widebody,Available,Adequate,Clear,Peak,1,128
82,Narrowbody,Available,Low,Clear,Off-Peak,1,113
16,Narrowbody,Available,Adequate,Rain,Off-Peak,0,16
84,Narrowbody,Constrained,Adequate,Clear,Off-Peak,1,133
77,Widebody,Available,Adequate,Rain,Off-Peak,1,131
72,Widebody,Constrained,Adequate,Clear,Off-Peak,1,103
109,Narrowbody,Available,Low,Clear,Peak,1,123
0,Narrowbody,Available,Adequate,Rain,Off-Peak,0,0
50,Narrowbody,Available,Low,Clear,Off-Peak,0,50
44,Widebody,Available,Adequate,Clear,Off-Peak,0,44
76,Narrowbody,Available,Adequate,Clear,Peak,1,105
3,Narrowbody,Available,Low,Clear,Peak,0,3
61,Narrowbody,Available,Adequate,Clear,Off-Peak,0,61
64,Narrowbody,Available,Low,Rain,Off-Peak,1,102
112,Narrowbody,Available,Adequate,Clear,Off-Peak,1,144
103,Widebody,Available,Low,Clear,Off-Peak,1,136
31,Narrowbody,Available,Adequate,Rain,Off-Peak,0,31
33,Narrowbody,Available,Adequate,Clear,Off-Peak,0,33
91,Narrowbody,Available,Low,Clear,Off-Peak,1,138
94,Widebody,Available,Low,Storm,Off-Peak,1,140
71,Narrowbody,Available,Low,Rain,Off-Peak,1,84
38,Widebody,Available,Low,Clear,Peak,1,81
25,Narrowbody,Constrained,Low,Rain,Peak,1,76
33,Narrowbody,Constrained,Adequate,Clear,Peak,1,64
53,Narrowbody,Available,Adequate,Rain,Off-Peak,0,53
117,Narrowbody,Available,Adequate,Clear,Off-Peak,1,176
2,Narrowbody,Constrained,Adequate,Clear,Off-Peak,0,2
49,Widebody,Available,Adequate,Clear,Peak,1,81
11,Narrowbody,Constrained,Adequate,Clear,Off-Peak,0,11
64,Narrowbody,Constrained,Adequate,Clear,Peak,1,104
53,Narrowbody,Constrained,Adequate,Storm,Peak,1,71
107,Widebody,Available,Adequate,Clear,Off-Peak,1,159
4,Widebody,Available,Adequate,Clear,Peak,0,4
93,Narrowbody,Available,Adequate,Clear,Off-Peak,1,127
93,Widebody,Available,Low,Clear,Off-Peak,1,151
56,Narrowbody,Available,Low,Rain,Off-Peak,1,86
16,Narrowbody,Available,Adequate,Clear,Off-Peak,0,16
111,Widebody,Available,Adequate,Clear,Peak,1,168
46,Widebody,Constrained,Adequate,Clear,Off-Peak,1,93
22,Narrowbody,Available,Adequate,Rain,Off-Peak,0,22
78,Narrowbody,Constrained,Adequate,Clear,Peak,1,130
100,Narrowbody,Constrained,Adequate,Clear,Peak,1,132
84,Widebody,Available,Adequate,Clear,Off-Peak,1,142
13,Narrowbody,Available,Adequate,Clear,Peak,0,13
65,Narrowbody,Constrained,Low,Clear,Peak,1,103
74,Narrowbody,Available,Low,Rain,Off-Peak,1,98
50,Narrowbody,Available,Adequate,Rain,Off-Peak,0,50
102,Narrowbody,Available,Adequate,Rain,Off-Peak,1,141
37,Widebody,Available,Adequate,Clear,Peak,0,37
63,Narrowbody,Available,Adequate,Clear,Peak,1,92
97,Narrowbody,Available,Low,Clear,Peak,1,139
37,Narrowbody,Available,Adequate,Storm,Off-Peak,0,37
49,Widebody,Available,Low,Clear,Off-Peak,1,102
97,Narrowbody,Available,Adequate,Rain,Off-Peak,1,142
81,Narrowbody,Available,Low,Clear,Off-Peak,1,112
29,Widebody,Available,Adequate,Clear,Peak,0,29
78,Widebody,Constrained,Low,Clear,Peak,1,94
90,Widebody,Available,Adequate,Clear,Off-Peak,1,107
50,Widebody,Available,Adequate,Storm,Off-Peak,1,87
62,Narrowbody,Available,Adequate,Storm,Off-Peak,1,116
97,Widebody,Available,Adequate,Clear,Off-Peak,1,149
51,Narrowbody,Available,Low,Clear,Off-Peak,1,69
37,Widebody,Constrained,Low,Storm,Off-Peak,1,71
96,Widebody,Available,Low,Rain,Off-Peak,1,121
87,Widebody,Constrained,Adequate,Clear,Off-Peak,1,106
78,Narrowbody,Available,Low,Clear,Off-Peak,1,98
29,Narrowbody,Available,Adequate,Clear,Off-Peak,0,29
118,Narrowbody,Available,Adequate,Clear,Peak,1,139
105,Widebody,Constrained,Adequate,Clear,Off-Peak,1,145
50,Widebody,Available,Adequate,Clear,Peak,1,73
80,Narrowbody,Available,Adequate,Clear,Off-Peak,1,133
4,Narrowbody,Available,Adequate,Clear,Off-Peak,0,4
28,Narrowbody,Available,Adequate,Clear,Off-Peak,0,28
3,Widebody,Available,Low,Rain,Off-Peak,0,3
9,Widebody,Available,Adequate,Rain,Peak,0,9
55,Narrowbody,Available,Adequate,Clear,Off-Peak,0,55
16,Narrowbody,Available,Adequate,Storm,Peak,0,16
73,Widebody,Available,Adequate,Storm,Peak,1,86
16,Widebody,Constrained,Adequate,Clear,Off-Peak,0,16
83,Narrowbody,Constrained,Adequate,Clear,Off-Peak,1,120
87,Narrowbody,Constrained,Adequate,Rain,Peak,1,112
68,Narrowbody,Available,Adequate,Rain,Off-Peak,1,89
33,Narrowbody,Available,Adequate,Storm,Peak,1,63
5,Narrowbody,Available,Low,Rain,Off-Peak,0,5
52,Narrowbody,Available,Adequate,Rain,Off-Peak,0,52
65,Widebody,Available,Adequate,Clear,Off-Peak,1,114
76,Narrowbody,Available,Low,Clear,Off-Peak,1,98
106,Widebody,Available,Adequate,Clear,Peak,1,147
42,Narrowbody,Available,Adequate,Clear,Off-Peak,0,42
111,Narrowbody,Constrained,Low,Rain,Peak,1,170
74,Narrowbody,Available,Adequate,Clear,Off-Peak,1,98
114,Narrowbody,Available,Adequate,Rain,Off-Peak,1,135
110,Widebody,Available,Adequate,Clear,Off-Peak,1,168
22,Widebody,Available,Adequate,Clear,Off-Peak,0,22
54,Narrowbody,Available,Adequate,Clear,Off-Peak,0,54
79,Narrowbody,Constrained,Adequate,Clear,Off-Peak,1,94
94,Widebody,Constrained,Adequate,Rain,Peak,1,120
74,Narrowbody,Available,Adequate,Rain,Off-Peak,1,131
117,Narrowbody,Constrained,Adequate,Storm,Off-Peak,1,175
15,Widebody,Constrained,Adequate,Clear,Peak,0,15
7,Narrowbody,Constrained,Adequate,Clear,Peak,0,7
3,Narrowbody,Constrained,Adequate,Clear,Off-Peak,0,3
103,Narrowbody,Available,Adequate,Clear,Off-Peak,1,135
3,Widebody,Available,Low,Rain,Peak,0,3
55,Narrowbody,Available,Adequate,Rain,Peak,1,102
24,Narrowbody,Available,Adequate,Rain,Off-Peak,0,24
66,Widebody,Constrained,Adequate,Clear,Off-Peak,1,92
95,Narrowbody,Available,Adequate,Rain,Peak,1,123
66,Widebody,Available,Low,Clear,Off-Peak,1,108
26,Narrowbody,Constrained,Adequate,Rain,Peak,1,36
92,Widebody,Constrained,Low,Clear,Off-Peak,1,114
31,Narrowbody,Constrained,Adequate,Clear,Peak,1,86
49,Narrowbody,Available,Low,Clear,Off-Peak,0,49
60,Narrowbody,Available,Adequate,Storm,Off-Peak,1,75
50,Narrowbody,Available,Low,Clear,Peak,1,65
18,Widebody,Available,Adequate,Clear,Off-Peak,0,18
20,Widebody,Available,Adequate,Rain,Off-Peak,0,20
4,Narrowbody,Available,Adequate,Clear,Off-Peak,0,4
81,Narrowbody,Constrained,Adequate,Clear,Off-Peak,1,125
91,Widebody,Available,Low,Clear,Off-Peak,1,123
41,Widebody,Available,Adequate,Clear,Peak,1,60
60,Narrowbody,Available,Adequate,Storm,Off-Peak,1,88
21,Narrowbody,Available,Low,Rain,Off-Peak,0,21
20,Narrowbody,Available,Adequate,Clear,Off-Peak,0,20
69,Narrowbody,Constrained,Low,Storm,Peak,1,82
0,Narrowbody,Available,Low,Clear,Peak,0,0
4,Narrowbody,Constrained,Adequate,Clear,Off-Peak,0,4
104,Narrowbody,Available,Low,Clear,Off-Peak,1,155
11,Widebody,Constrained,Adequate,Clear,Peak,0,11
89,Narrowbody,Available,Adequate,Clear,Off-Peak,1,132
45,Narrowbody,Available,Adequate,Storm,Peak,1,58
33,Narrowbody,Available,Adequate,Rain,Peak,0,33
48,Narrowbody,Constrained,Low,Clear,Peak,1,64
77,Narrowbody,Available,Low,Clear,Off-Peak,1,134
89,Narrowbody,Available,Adequate,Rain,Peak,1,105
44,Narrowbody,Constrained,Adequate,Storm,Peak,1,103
26,Narrowbody,Constrained,Low,Rain,Peak,1,61
72,Narrowbody,Available,Adequate,Clear,Off-Peak,1,107
25,Narrowbody,Available,Adequate,Rain,Off-Peak,0,25
46,Widebody,Available,Adequate,Clear,Off-Peak,0,46
85,Narrowbody,Available,Low,Clear,Off-Peak,1,114
110,Widebody,Available,Adequate,Clear,Peak,1,161
55,Narrowbody,Constrained,Low,Clear,Off-Peak,1,109
93,Narrowbody,Constrained,Low,Clear,Off-Peak,1,152
106,Narrowbody,Available,Adequate,Clear,Off-Peak,1,131
62,Narrowbody,Available,Adequate,Clear,Peak,1,88
47,Widebody,Available,Low,Rain,Peak,1,78
60,Widebody,Constrained,Adequate,Clear,Off-Peak,1,82
80,Widebody,Constrained,Low,Clear,Off-Peak,1,101
25,Narrowbody,Available,Low,Clear,Off-Peak,0,25
35,Narrowbody,Constrained,Adequate,Storm,Peak,1,45
0,Narrowbody,Available,Low,Clear,Peak,0,0
7,Narrowbody,Available,Low,Clear,Peak,0,7
112,Narrowbody,Available,Low,Clear,Off-Peak,1,129
98,Narrowbody,Available,Adequate,Rain,Peak,1,128
51,Narrowbody,Available,Adequate,Storm,Off-Peak,1,82
78,Narrowbody,Available,Adequate,Clear,Peak,1,105
46,Widebody,Available,Adequate,Clear,Off-Peak,0,46
55,Widebody,Constrained,Adequate,Storm,Peak,1,112
85,Widebody,Available,Low,Clear,Off-Peak,1,138
13,Narrowbody,Available,Adequate,Rain,Peak,0,13
89,Narrowbody,Available,Adequate,Clear,Peak,1,101
27,Narrowbody,Available,Adequate,Clear,Off-Peak,0,27
86,Widebody,Available,Low,Clear,Off-Peak,1,116
77,Narrowbody,Available,Adequate,Clear,Peak,1,116
87,Narrowbody,Available,Adequate,Rain,Off-Peak,1,124
1,Widebody,Available,Adequate,Storm,Off-Peak,0,1
108,Narrowbody,Available,Low,Clear,Off-Peak,1,143
25,Narrowbody,Available,Adequate,Rain,Peak,0,25
13,Narrowbody,Available,Adequate,Clear,Off-Peak,0,13
58,Narrowbody,Available,Low,Clear,Off-Peak,1,77
55,Narrowbody,Available,Low,Clear,Off-Peak,1,112
114,Narrowbody,Constrained,Low,Storm,Off-Peak,1,166
6,Narrowbody,Available,Adequate,Rain,Peak,0,6
2,Narrowbody,Available,Adequate,Rain,Peak,0,2
110,Widebody,Constrained,Low,Rain,Peak,1,159
22,Narrowbody,Available,Adequate,Rain,Off-Peak,0,22
109,Narrowbody,Available,Low,Storm,Peak,1,135
106,Narrowbody,Constrained,Adequate,Rain,Off-Peak,1,133
110,Widebody,Constrained,Adequate,Storm,Off-Peak,1,151
108,Narrowbody,Constrained,Adequate,Clear,Peak,1,155
17,Narrowbody,Available,Adequate,Clear,Peak,0,17
37,Widebody,Available,Adequate,Clear,Peak,0,37
98,Widebody,Available,Adequate,Clear,Peak,1,130
114,Narrowbody,Available,Low,Clear,Off-Peak,1,158
14,Widebody,Available,Adequate,Clear,Off-Peak,0,14
63,Narrowbody,Available,Adequate,Rain,Peak,1,87
88,Narrowbody,Constrained,Low,Clear,Off-Peak,1,121
118,Narrowbody,Available,Adequate,Clear,Off-Peak,1,155
100,Narrowbody,Available,Adequate,Clear,Peak,1,125
27,Widebody,Available,Low,Storm,Peak,1,52
73,Narrowbody,Available,Adequate,Clear,Off-Peak,1,122
38,Narrowbody,Available,Low,Clear,Peak,1,86
56,Widebody,Available,Low,Rain,Peak,1,71
16,Widebody,Available,Low,Rain,Peak,1,27
102,Narrowbody,Available,Adequate,Clear,Off-Peak,1,124
85,Narrowbody,Constrained,Adequate,Clear,Off-Peak,1,138
89,Narrowbody,Constrained,Adequate,Clear,Off-Peak,1,145
43,Widebody,Available,Adequate,Storm,Off-Peak,1,61
24,Narrowbody,Available,Low,Clear,Off-Peak,0,24
16,Widebody,Constrained,Adequate,Clear,Off-Peak,0,16
12,Narrowbody,Constrained,Adequate,Clear,Off-Peak,0,12
83,Narrowbody,Available,Low,Clear,Peak,1,121
24,Narrowbody,Available,Adequate,Rain,Off-Peak,0,24
67,Narrowbody,Available,Adequate,Clear,Peak,1,119
9,Narrowbody,Constrained,Adequate,Clear,Peak,0,9
66,Widebody,Constrained,Low,Clear,Off-Peak,1,99
104,Narrowbody,Available,Adequate,Clear,Peak,1,120
108,Narrowbody,Constrained,Low,Clear,Peak,1,151
17,Widebody,Available,Adequate,Rain,Off-Peak,0,17
110,Narrowbody,Constrained,Low,Rain,Peak,1,131
99,Widebody,Available,Low,Storm,Off-Peak,1,131
110,Narrowbody,Constrained,Adequate,Rain,Peak,1,134
85,Narrowbody,Available,Adequate,Rain,Off-Peak,1,127
33,Narrowbody,Available,Adequate,Clear,Peak,0,33
110,Narrowbody,Available,Low,Rain,Off-Peak,1,142
7,Widebody,Constrained,Adequate,Rain,Peak,1,54
39,Narrowbody,Constrained,Adequate,Rain,Off-Peak,1,80
112,Narrowbody,Constrained,Adequate,Clear,Peak,1,166
107,Narrowbody,Constrained,Adequate,Clear,Peak,1,166
82,Narrowbody,Available,Adequate,Rain,Off-Peak,1,126
41,Widebody,Available,Adequate,Rain,Peak,1,51
40,Narrowbody,Available,Adequate,Storm,Off-Peak,0,40
100,Narrowbody,Available,Low,Clear,Peak,1,154
5,Widebody,Available,Adequate,Clear,Off-Peak,0,5
51,Narrowbody,Available,Adequate,Clear,Peak,0,51
25,Widebody,Available,Low,Rain,Peak,1,39
63,Narrowbody,Available,Low,Clear,Off-Peak,1,104
97,Narrowbody,Available,Low,Clear,Off-Peak,1,127
58,Narrowbody,Available,Adequate,Storm,Off-Peak,1,91
55,Widebody,Constrained,Adequate,Clear,Peak,1,82
58,Widebody,Constrained,Adequate,Rain,Off-Peak,1,88
108,Narrowbody,Constrained,Low,Clear,Off-Peak,1,127
69,Narrowbody,Available,Adequate,Rain,Peak,1,102
100,Narrowbody,Available,Adequate,Clear,Off-Peak,1,149
32,Narrowbody,Constrained,Adequate,Storm,Peak,1,88
52,Narrowbody,Available,Adequate,Storm,Off-Peak,1,82
21,Widebody,Available,Adequate,Clear,Off-Peak,0,21
20,Narrowbody,Available,Adequate,Clear,Peak,0,20
69,Narrowbody,Available,Adequate,Clear,Off-Peak,0,69
69,Narrowbody,Available,Adequate,Rain,Off-Peak,1,82
118,Narrowbody,Available,Low,Rain,Peak,1,161
111,Narrowbody,Available,Low,Clear,Off-Peak,1,126
3,Narrowbody,Available,Low,Rain,Peak,0,3
93,Widebody,Available,Low,Clear,Peak,1,133
74,Narrowbody,Constrained,Adequate,Rain,Off-Peak,1,118
61,Narrowbody,Available,Adequate,Storm,Off-Peak,1,109
61,Narrowbody,Available,Adequate,Clear,Peak,1,112
93,Widebody,Constrained,Adequate,Clear,Off-Peak,1,125
94,Widebody,Available,Adequate,Clear,Off-Peak,1,109
23,Narrowbody,Available,Adequate,Clear,Peak,0,23
54,Widebody,Available,Adequate,Clear,Off-Peak,0,54
8,Narrowbody,Available,Adequate,Clear,Peak,0,8
118,Narrowbody,Available,Adequate,Clear,Off-Peak,1,144
2,Narrowbody,Constrained,Adequate,Clear,Off-Peak,0,2
114,Narrowbody,Available,Low,Clear,Off-Peak,1,124
30,Narrowbody,Available,Adequate,Clear,Peak,0,30
39,Widebody,Available,Adequate,Clear,Peak,0,39
100,Widebody,Available,Adequate,Rain,Peak,1,154
35,Narrowbody,Available,Adequate,Rain,Off-Peak,0,35
23,Narrowbody,Available,Adequate,Clear,Off-Peak,0,23
94,Narrowbody,Available,Adequate,Clear,Off-Peak,1,115
5,Narrowbody,Available,Adequate,Rain,Off-Peak,0,5
65,Narrowbody,Available,Adequate,Storm,Peak,1,121
83,Narrowbody,Available,Low,Clear,Peak,1,95
91,Narrowbody,Constrained,Low,Clear,Off-Peak,1,148
74,Widebody,Available,Adequate,Clear,Peak,1,84
3,Narrowbody,Available,Adequate,Clear,Off-Peak,0,3
78,Narrowbody,Available,Low,Clear,Peak,1,135
5,Widebody,Available,Adequate,Clear,Off-Peak,0,5
117,Narrowbody,Available,Adequate,Rain,Off-Peak,1,170
112,Narrowbody,Available,Adequate,Clear,Off-Peak,1,140
93,Narrowbody,Constrained,Low,Clear,Off-Peak,1,110
119,Narrowbody,Constrained,Adequate,Clear,Peak,1,172
101,Widebody,Available,Adequate,Clear,Off-Peak,1,157
50,Narrowbody,Available,Low,Clear,Off-Peak,0,50
61,Narrowbody,Constrained,Adequate,Clear,Peak,1,100
56,Widebody,Constrained,Adequate,Rain,Peak,1,95
65,Widebody,Constrained,Low,Clear,Peak,1,123
78,Widebody,Available,Adequate,Rain,Off-Peak,1,126
74,Narrowbody,Available,Adequate,Storm,Peak,1,128
7,Narrowbody,Available,Adequate,Clear,Peak,0,7
25,Widebody,Available,Adequate,Clear,Off-Peak,0,25
50,Widebody,Available,Adequate,Clear,Off-Peak,0,50
44,Narrowbody,Available,Adequate,Rain,Off-Peak,0,44
43,Narrowbody,Constrained,Adequate,Storm,Off-Peak,1,63
4,Narrowbody,Available,Low,Rain,Off-Peak,0,4
69,Widebody,Constrained,Adequate,Clear,Off-Peak,1,126
25,Narrowbody,Available,Adequate,Rain,Peak,0,25
117,Narrowbody,Available,Adequate,Clear,Peak,1,146
67,Narrowbody,Available,Low,Clear,Peak,1,93
18,Narrowbody,Constrained,Adequate,Clear,Peak,0,18
83,Widebody,Available,Adequate,Clear,Off-Peak,1,96
96,Narrowbody,Available,Adequate,Rain,Peak,1,110
19,Widebody,Constrained,Adequate,Clear,Peak,1,51
112,Widebody,Available,Adequate,Clear,Off-Peak,1,167
11,Narrowbody,Available,Low,Clear,Peak,0,11
46,Narrowbody,Available,Adequate,Rain,Peak,1,101
0,Narrowbody,Available,Adequate,Rain,Off-Peak,0,0
89,Widebody,Available,Adequate,Clear,Peak,1,131
13,Narrowbody,Available,Low,Clear,Off-Peak,0,13
63,Narrowbody,Available,Adequate,Clear,Off-Peak,0,63
37,Widebody,Available,Adequate,Storm,Off-Peak,1,96
36,Narrowbody,Available,Adequate,Clear,Peak,0,36
10,Widebody,Available,Adequate,Clear,Peak,0,10
99,Narrowbody,Available,Adequate,Clear,Peak,1,135
76,Narrowbody,Available,Adequate,Clear,Off-Peak,1,103
106,Narrowbody,Available,Adequate,Rain,Off-Peak,1,155
2,Widebody,Available,Adequate,Clear,Peak,0,2
32,Narrowbody,Available,Adequate,Clear,Peak,0,32
5,Widebody,Constrained,Adequate,Clear,Off-Peak,0,5
49,Widebody,Available,Adequate,Clear,Off-Peak,0,49
119,Narrowbody,Constrained,Low,Storm,Peak,1,178
9,Widebody,Constrained,Low,Clear,Peak,1,39
4,Narrowbody,Available,Low,Rain,Off-Peak,0,4
22,Narrowbody,Available,Low,Rain,Off-Peak,0,22
9,Narrowbody,Available,Adequate,Clear,Peak,0,9
43,Widebody,Constrained,Low,Clear,Peak,1,92
1,Narrowbody,Available,Adequate,Clear,Off-Peak,0,1
12,Narrowbody,Available,Adequate,Rain,Off-Peak,0,12
39,Narrowbody,Available,Adequate,Clear,Peak,0,39
1,Narrowbody,Constrained,Adequate,Clear,Off-Peak,0,1
83,Narrowbody,Constrained,Low,Clear,Off-Peak,1,94
64,Widebody,Available,Adequate,Rain,Off-Peak,1,112
62,Widebody,Available,Adequate,Clear,Off-Peak,1,120
100,Narrowbody,Available,Low,Clear,Peak,1,151
72,Widebody,Available,Adequate,Clear,Off-Peak,1,125
16,Narrowbody,Constrained,Adequate,Clear,Peak,0,16
8,Widebody,Available,Low,Rain,Off-Peak,0,8
74,Narrowbody,Available,Adequate,Clear,Off-Peak,1,103
14,Narrowbody,Available,Adequate,Rain,Off-Peak,0,14
23,Narrowbody,Constrained,Adequate,Rain,Peak,1,36
37,Widebody,Constrained,Adequate,Clear,Peak,1,91
118,Narrowbody,Available,Low,Rain,Off-Peak,1,171
34,Narrowbody,Constrained,Adequate,Clear,Peak,1,54
93,Narrowbody,Available,Adequate,Clear,Peak,1,144
94,Narrowbody,Available,Adequate,Rain,Peak,1,150
48,Narrowbody,Available,Adequate,Clear,Off-Peak,0,48
68,Widebody,Available,Low,Rain,Peak,1,102
61,Widebody,Available,Adequate,Clear,Off-Peak,1,119
59,Narrowbody,Constrained,Adequate,Storm,Off-Peak,1,105
107,Widebody,Available,Adequate,Clear,Peak,1,150
49,Narrowbody,Available,Adequate,Clear,Off-Peak,0,49
77,Widebody,Available,Low,Clear,Off-Peak,1,92
116,Widebody,Available,Adequate,Rain,Off-Peak,1,143
119,Narrowbody,Constrained,Adequate,Rain,Peak,1,142
74,Widebody,Available,Adequate,Clear,Peak,1,102
8,Narrowbody,Available,Low,Rain,Off-Peak,0,8
33,Narrowbody,Constrained,Adequate,Clear,Peak,1,82
75,Widebody,Available,Low,Clear,Off-Peak,1,101
98,Narrowbody,Available,Adequate,Rain,Off-Peak,1,142
34,Narrowbody,Available,Low,Rain,Peak,1,72
0,Narrowbody,Available,Adequate,Rain,Off-Peak,0,0
39,Widebody,Constrained,Adequate,Rain,Off-Peak,1,65
63,Narrowbody,Constrained,Adequate,Clear,Off-Peak,1,115
21,Narrowbody,Available,Adequate,Rain,Peak,0,21
59,Widebody,Constrained,Low,Clear,Off-Peak,1,69
63,Widebody,Available,Low,Clear,Peak,1,117
92,Narrowbody,Available,Adequate,Clear,Peak,1,137
71,Narrowbody,Available,Adequate,Clear,Off-Peak,1,87
10,Narrowbody,Available,Adequate,Clear,Peak,0,10
104,Narrowbody,Available,Low,Clear,Off-Peak,1,118
100,Narrowbody,Available,Adequate,Clear,Off-Peak,1,133
13,Widebody,Constrained,Adequate,Clear,Peak,0,13
59,Narrowbody,Available,Adequate,Clear,Peak,1,111
29,Narrowbody,Available,Adequate,Clear,Off-Peak,0,29
34,Narrowbody,Available,Adequate,Clear,Off-Peak,0,34
84,Widebody,Available,Adequate,Rain,Off-Peak,1,113
36,Narrowbody,Available,Adequate,Rain,Off-Peak,0,36
4,Widebody,Available,Low,Rain,Off-Peak,0,4
82,Narrowbody,Constrained,Adequate,Clear,Off-Peak,1,117
77,Narrowbody,Available,Adequate,Rain,Peak,1,101
25,Narrowbody,Available,Adequate,Clear,Off-Peak,0,25
61,Narrowbody,Available,Low,Clear,Off-Peak,1,78
3,Narrowbody,Available,Adequate,Clear,Peak,0,3
88,Narrowbody,Available,Adequate,Rain,Peak,1,145
108,Narrowbody,Available,Adequate,Clear,Off-Peak,1,120
41,Widebody,Available,Adequate,Clear,Off-Peak,0,41
88,Narrowbody,Available,Adequate,Clear,Peak,1,106
17,Widebody,Available,Low,Rain,Off-Peak,0,17
39,Narrowbody,Available,Low,Rain,Off-Peak,0,39
71,Narrowbody,Available,Adequate,Clear,Peak,1,106
38,Narrowbody,Constrained,Adequate,Clear,Off-Peak,0,38
103,Narrowbody,Available,Low,Clear,Off-Peak,1,146
13,Narrowbody,Constrained,Adequate,Rain,Off-Peak,0,13
31,Narrowbody,Available,Low,Clear,Off-Peak,0,31
50,Narrowbody,Constrained,Adequate,Rain,Off-Peak,1,64
37,Narrowbody,Available,Low,Clear,Peak,1,87
96,Narrowbody,Available,Low,Rain,Off-Peak,1,118
22,Widebody,Available,Low,Clear,Off-Peak,0,22
62,Widebody,Constrained,Adequate,Clear,Off-Peak,1,96
14,Widebody,Available,Adequate,Clear,Peak,0,14
96,Widebody,Available,Low,Clear,Off-Peak,1,109
24,Narrowbody,Available,Adequate,Clear,Off-Peak,0,24
16,Narrowbody,Constrained,Adequate,Rain,Peak,0,16
96,Widebody,Available,Low,Clear,Off-Peak,1,133
110,Narrowbody,Constrained,Low,Rain,Off-Peak,1,125
118,Narrowbody,Available,Low,Rain,Off-Peak,1,154
65,Narrowbody,Available,Adequate,Clear,Off-Peak,0,65
77,Narrowbody,Available,Low,Rain,Off-Peak,1,134
52,Narrowbody,Constrained,Low,Rain,Peak,1,64
103,Widebody,Available,Adequate,Clear,Off-Peak,1,158
103,Narrowbody,Constrained,Adequate,Rain,Peak,1,145
50,Narrowbody,Available,Adequate,Clear,Off-Peak,0,50
38,Widebody,Available,Adequate,Clear,Off-Peak,0,38
50,Narrowbody,Available,Low,Rain,Off-Peak,1,74
69,Narrowbody,Available,Adequate,Clear,Peak,1,85
5,Narrowbody,Constrained,Low,Clear,Off-Peak,0,5
66,Widebody,Constrained,Low,Clear,Peak,1,89
6,Widebody,Constrained,Adequate,Rain,Off-Peak,0,6
50,Narrowbody,Available,Low,Storm,Off-Peak,1,73
71,Widebody,Available,Adequate,Clear,Off-Peak,1,83
41,Narrowbody,Available,Low,Rain,Off-Peak,1,99
63,Widebody,Constrained,Adequate,Storm,Off-Peak,1,118
115,Widebody,Available,Low,Clear,Off-Peak,1,174
14,Widebody,Available,Adequate,Clear,Peak,0,14
110,Narrowbody,Available,Adequate,Rain,Off-Peak,1,141
28,Widebody,Available,Low,Rain,Peak,1,56
32,Widebody,Constrained,Adequate,Rain,Off-Peak,1,76
115,Narrowbody,Available,Adequate,Clear,Off-Peak,1,136
93,Widebody,Available,Adequate,Clear,Peak,1,107
102,Narrowbody,Available,Low,Clear,Off-Peak,1,121
26,Widebody,Available,Adequate,Clear,Off-Peak,0,26
35,Narrowbody,Available,Adequate,Clear,Peak,0,35
28,Widebody,Available,Adequate,Rain,Peak,0,28
37,Narrowbody,Constrained,Adequate,Clear,Off-Peak,0,37
56,Narrowbody,Constrained,Adequate,Rain,Off-Peak,1,97
96,Narrowbody,Available,Adequate,Clear,Peak,1,116
100,Narrowbody,Available,Adequate,Clear,Off-Peak,1,157
26,Narrowbody,Constrained,Adequate,Clear,Peak,0,26
54,Narrowbody,Available,Adequate,Clear,Off-Peak,0,54
32,Narrowbody,Available,Low,Clear,Off-Peak,0,32
67,Narrowbody,Available,Adequate,Storm,Peak,1,95
85,Narrowbody,Available,Adequate,Rain,Off-Peak,1,100
65,Widebody,Available,Adequate,Clear,Off-Peak,1,114
9,Narrowbody,Constrained,Adequate,Clear,Off-Peak,0,9
4,Widebody,Available,Low,Storm,Peak,1,57
73,Widebody,Available,Adequate,Clear,Peak,1,124
96,Narrowbody,Available,Adequate,Clear,Off-Peak,1,140
117,Narrowbody,Available,Adequate,Clear,Off-Peak,1,130
37,Widebody,Available,Adequate,Storm,Peak,1,79
12,Narrowbody,Constrained,Adequate,Clear,Peak,0,12
30,Narrowbody,Constrained,Adequate,Clear,Peak,0,30
46,Narrowbody,Available,Adequate,Storm,Off-Peak,1,98
99,Widebody,Constrained,Low,Clear,Peak,1,127
108,Narrowbody,Constrained,Adequate,Clear,Peak,1,160
87,Narrowbody,Constrained,Adequate,Clear,Off-Peak,1,108
51,Widebody,Available,Low,Rain,Off-Peak,1,71
55,Widebody,Available,Low,Clear,Off-Peak,1,70
14,Narrowbody,Available,Adequate,Storm,Peak,0,14
28,Narrowbody,Available,Low,Rain,Off-Peak,0,28
7,Widebody,Available,Low,Clear,Peak,0,7
4,Narrowbody,Available,Adequate,Storm,Peak,0,4
28,Narrowbody,Constrained,Adequate,Clear,Peak,0,28
46,Narrowbody,Constrained,Adequate,Clear,Peak,1,58
67,Widebody,Constrained,Low,Clear,Peak,1,79
75,Narrowbody,Available,Adequate,Clear,Off-Peak,1,104
44,Widebody,Available,Adequate,Clear,Peak,1,81
1,Widebody,Available,Low,Clear,Off-Peak,0,1
26,Narrowbody,Available,Adequate,Clear,Peak,0,26
94,Narrowbody,Available,Adequate,Rain,Off-Peak,1,106
114,Narrowbody,Available,Adequate,Clear,Peak,1,165
114,Narrowbody,Available,Adequate,Storm,Peak,1,147
35,Narrowbody,Constrained,Low,Clear,Peak,1,87
35,Widebody,Available,Adequate,Clear,Off-Peak,0,35
25,Narrowbody,Available,Low,Clear,Off-Peak,0,25
42,Widebody,Available,Adequate,Clear,Peak,1,71
26,Narrowbody,Available,Adequate,Clear,Off-Peak,0,26
68,Narrowbody,Available,Low,Rain,Peak,1,109
19,Narrowbody,Available,Adequate,Storm,Off-Peak,0,19
10,Narrowbody,Available,Adequate,Storm,Peak,0,10
73,Widebody,Available,Adequate,Clear,Off-Peak,1,126
103,Narrowbody,Available,Low,Rain,Peak,1,160
37,Narrowbody,Available,Adequate,Clear,Peak,0,37
5,Narrowbody,Available,Adequate,Clear,Off-Peak,0,5
71,Narrowbody,Constrained,Adequate,Rain,Off-Peak,1,102
22,Narrowbody,Available,Adequate,Rain,Off-Peak,0,22
46,Narrowbody,Available,Low,Clear,Peak,1,102
89,Widebody,Available,Adequate,Clear,Off-Peak,1,120
45,Narrowbody,Constrained,Adequate,Clear,Peak,1,82
106,Widebody,Constrained,Adequate,Rain,Off-Peak,1,136
11,Narrowbody,Available,Adequate,Clear,Off-Peak,0,11
89,Narrowbody,Available,Low,Storm,Off-Peak,1,116
12,Narrowbody,Constrained,Adequate,Clear,Off-Peak,0,12
103,Narrowbody,Available,Low,Clear,Off-Peak,1,158
61,Narrowbody,Available,Adequate,Clear,Peak,1,107
81,Narrowbody,Available,Adequate,Clear,Peak,1,111
88,Narrowbody,Constrained,Low,Clear,Off-Peak,1,111
96,Narrowbody,Constrained,Adequate,Rain,Peak,1,130
110,Narrowbody,Available,Low,Rain,Peak,1,146
103,Widebody,Available,Low,Storm,Off-Peak,1,152
59,Narrowbody,Available,Adequate,Rain,Off-Peak,0,59
42,Narrowbody,Available,Adequate,Rain,Off-Peak,0,42
75,Narrowbody,Constrained,Low,Clear,Off-Peak,1,131
107,Narrowbody,Available,Adequate,Rain,Peak,1,145
99,Narrowbody,Available,Adequate,Clear,Peak,1,155
111,Narrowbody,Available,Adequate,Clear,Off-Peak,1,150
67,Narrowbody,Available,Adequate,Clear,Off-Peak,0,67
4,Narrowbody,Available,Low,Clear,Peak,0,4
119,Narrowbody,Available,Adequate,Clear,Peak,1,166
36,Narrowbody,Available,Adequate,Storm,Peak,1,64
71,Narrowbody,Available,Adequate,Clear,Peak,1,107
105,Narrowbody,Available,Adequate,Clear,Off-Peak,1,139
112,Narrowbody,Available,Adequate,Clear,Peak,1,161
91,Widebody,Available,Low,Clear,Peak,1,138
30,Narrowbody,Constrained,Adequate,Clear,Off-Peak,0,30
8,Narrowbody,Constrained,Low,Clear,Peak,0,8
117,Narrowbody,Constrained,Low,Clear,Off-Peak,1,141
50,Widebody,Available,Adequate,Clear,Off-Peak,0,50
